-- --------------------------------------------------------
-- Host:                         localhost
-- Server version:               5.7.24 - MySQL Community Server (GPL)
-- Server OS:                    Win64
-- HeidiSQL Version:             10.2.0.5599
-- --------------------------------------------------------

/*!40101 SET @OLD_CHARACTER_SET_CLIENT=@@CHARACTER_SET_CLIENT */;
/*!40101 SET NAMES utf8 */;
/*!50503 SET NAMES utf8mb4 */;
/*!40014 SET @OLD_FOREIGN_KEY_CHECKS=@@FOREIGN_KEY_CHECKS, FOREIGN_KEY_CHECKS=0 */;
/*!40101 SET @OLD_SQL_MODE=@@SQL_MODE, SQL_MODE='NO_AUTO_VALUE_ON_ZERO' */;


-- Dumping database structure for cahayaprima
CREATE DATABASE IF NOT EXISTS `cahayaprima` /*!40100 DEFAULT CHARACTER SET latin1 */;
USE `cahayaprima`;

-- Dumping structure for table cahayaprima.ap
CREATE TABLE IF NOT EXISTS `ap` (
  `id` varchar(50) COLLATE utf8mb4_unicode_ci NOT NULL,
  `id_bm` varchar(255) COLLATE utf8mb4_unicode_ci NOT NULL,
  `keterangan` varchar(255) COLLATE utf8mb4_unicode_ci NOT NULL,
  `created_at` timestamp NULL DEFAULT NULL,
  `updated_at` timestamp NULL DEFAULT NULL,
  PRIMARY KEY (`id`)
) ENGINE=InnoDB DEFAULT CHARSET=utf8mb4 COLLATE=utf8mb4_unicode_ci;

-- Dumping data for table cahayaprima.ap: ~13 rows (approximately)
/*!40000 ALTER TABLE `ap` DISABLE KEYS */;
INSERT INTO `ap` (`id`, `id_bm`, `keterangan`, `created_at`, `updated_at`) VALUES
	('AP0001', 'FAK001', 'BELUM LUNAS', '2020-10-04 16:55:38', '2020-10-04 16:55:38'),
	('AP0002', 'FAK002', 'BELUM LUNAS', '2020-10-09 17:10:29', '2020-10-09 17:10:29'),
	('AP0003', 'FAK003', 'LUNAS', '2020-10-14 17:10:53', '2020-12-14 19:58:29'),
	('AP0004', 'FAK004', 'BELUM LUNAS', '2020-10-14 17:11:13', '2020-10-14 17:11:13'),
	('AP0006', 'FAK006', 'BELUM LUNAS', '2020-10-25 17:13:46', '2020-10-25 17:13:46'),
	('AP0007', 'FAK007', 'BELUM LUNAS', '2020-11-02 17:14:25', '2020-11-02 17:14:25'),
	('AP0008', 'FAK008', 'BELUM LUNAS', '2020-11-05 17:14:59', '2020-11-05 17:14:59'),
	('AP0009', 'FAK009', 'BELUM LUNAS', '2020-11-11 17:16:41', '2020-11-11 17:16:41'),
	('AP0010', 'FAK010', 'BELUM LUNAS', '2020-11-20 17:27:22', '2020-11-20 17:27:22'),
	('AP0011', 'FAK011', 'BELUM LUNAS', '2020-11-22 17:27:49', '2020-11-22 17:27:49'),
	('AP0012', 'FAK012', 'BELUM LUNAS', '2020-12-04 17:28:27', '2020-12-04 17:28:27'),
	('AP0013', 'KR01', 'BELUM LUNAS', '2020-12-10 15:04:05', '2020-12-10 15:04:05'),
	('AP0014', 'TES-001', 'BELUM LUNAS', '2020-12-16 00:55:11', '2020-12-16 00:55:11');
/*!40000 ALTER TABLE `ap` ENABLE KEYS */;

-- Dumping structure for table cahayaprima.approval
CREATE TABLE IF NOT EXISTS `approval` (
  `id` varchar(50) COLLATE utf8mb4_unicode_ci NOT NULL,
  `id_dokumen` varchar(255) COLLATE utf8mb4_unicode_ci NOT NULL,
  `tanggal` date NOT NULL,
  `status` varchar(255) COLLATE utf8mb4_unicode_ci NOT NULL DEFAULT '',
  `keterangan` varchar(255) COLLATE utf8mb4_unicode_ci NOT NULL,
  `tipe` varchar(255) COLLATE utf8mb4_unicode_ci NOT NULL,
  `baca` varchar(1) COLLATE utf8mb4_unicode_ci NOT NULL,
  `created_at` timestamp NULL DEFAULT NULL,
  `updated_at` timestamp NULL DEFAULT NULL,
  PRIMARY KEY (`id`,`id_dokumen`)
) ENGINE=InnoDB DEFAULT CHARSET=utf8mb4 COLLATE=utf8mb4_unicode_ci;

-- Dumping data for table cahayaprima.approval: ~0 rows (approximately)
/*!40000 ALTER TABLE `approval` DISABLE KEYS */;
/*!40000 ALTER TABLE `approval` ENABLE KEYS */;

-- Dumping structure for table cahayaprima.ap_retur
CREATE TABLE IF NOT EXISTS `ap_retur` (
  `id` varchar(255) COLLATE utf8mb4_unicode_ci NOT NULL,
  `id_ap` varchar(255) COLLATE utf8mb4_unicode_ci NOT NULL,
  `tanggal` date NOT NULL,
  `total` int(11) NOT NULL,
  `id_user` varchar(255) COLLATE utf8mb4_unicode_ci NOT NULL,
  `created_at` timestamp NULL DEFAULT NULL,
  `updated_at` timestamp NULL DEFAULT NULL,
  PRIMARY KEY (`id`)
) ENGINE=InnoDB DEFAULT CHARSET=utf8mb4 COLLATE=utf8mb4_unicode_ci;

-- Dumping data for table cahayaprima.ap_retur: ~4 rows (approximately)
/*!40000 ALTER TABLE `ap_retur` DISABLE KEYS */;
INSERT INTO `ap_retur` (`id`, `id_ap`, `tanggal`, `total`, `id_user`, `created_at`, `updated_at`) VALUES
	('RTP0001', 'AP0009', '2020-12-14', 451250, '1', '2020-12-14 19:48:33', '2020-12-14 19:48:33'),
	('RTP0002', 'AP0009', '2020-12-14', 523800, '1', '2020-12-14 19:57:44', '2020-12-14 19:57:44'),
	('RTP0003', 'AP0012', '2020-12-14', 1111320, '1', '2020-12-14 19:58:03', '2020-12-14 19:58:03'),
	('RTP0004', 'AP0007', '2020-12-15', 787930, '1', '2020-12-15 00:55:23', '2020-12-15 00:55:23');
/*!40000 ALTER TABLE `ap_retur` ENABLE KEYS */;

-- Dumping structure for table cahayaprima.ar
CREATE TABLE IF NOT EXISTS `ar` (
  `id` varchar(50) COLLATE utf8mb4_unicode_ci NOT NULL,
  `id_so` varchar(255) COLLATE utf8mb4_unicode_ci NOT NULL,
  `keterangan` varchar(255) COLLATE utf8mb4_unicode_ci NOT NULL,
  `created_at` timestamp NULL DEFAULT NULL,
  `updated_at` timestamp NULL DEFAULT NULL,
  PRIMARY KEY (`id`)
) ENGINE=InnoDB DEFAULT CHARSET=utf8mb4 COLLATE=utf8mb4_unicode_ci;

-- Dumping data for table cahayaprima.ar: ~12 rows (approximately)
/*!40000 ALTER TABLE `ar` DISABLE KEYS */;
INSERT INTO `ar` (`id`, `id_so`, `keterangan`, `created_at`, `updated_at`) VALUES
	('AR0001', 'INV0001', 'BELUM LUNAS', '2020-12-04 17:19:37', '2020-12-04 17:19:37'),
	('AR0002', 'INV0002', 'BELUM LUNAS', '2020-12-04 17:21:35', '2020-12-04 17:21:35'),
	('AR0003', 'INV0003', 'BELUM LUNAS', '2020-12-04 17:22:52', '2020-12-04 17:22:52'),
	('AR0004', 'INV0004', 'BELUM LUNAS', '2020-12-04 17:23:42', '2020-12-04 17:23:42'),
	('AR0005', 'INV0005', 'BELUM LUNAS', '2020-12-04 17:24:50', '2020-12-04 17:24:50'),
	('AR0006', 'INV0006', 'BELUM LUNAS', '2020-12-04 17:26:12', '2020-12-04 17:26:12'),
	('AR0007', 'INV0007', 'LUNAS', '2020-12-04 17:31:07', '2020-12-14 19:21:03'),
	('AR0008', 'INV0008', 'BELUM LUNAS', '2020-12-04 17:31:51', '2020-12-04 17:31:51'),
	('AR0009', 'INV0009', 'BELUM LUNAS', '2020-12-04 17:32:34', '2020-12-04 17:32:34'),
	('AR0010', 'INV0010', 'BELUM LUNAS', '2020-12-04 17:33:14', '2020-12-04 17:33:14'),
	('AR0011', 'INV0011', 'BELUM LUNAS', '2020-12-04 17:35:11', '2020-12-04 17:35:11'),
	('AR0012', 'INV0012', 'BELUM LUNAS', '2020-12-04 17:35:53', '2020-12-04 17:35:53'),
	('AR0013', 'INV0013', 'BELUM LUNAS', '2020-12-15 01:19:14', '2020-12-15 01:19:14');
/*!40000 ALTER TABLE `ar` ENABLE KEYS */;

-- Dumping structure for table cahayaprima.ar_retur
CREATE TABLE IF NOT EXISTS `ar_retur` (
  `id` varchar(255) COLLATE utf8mb4_unicode_ci NOT NULL,
  `id_ar` varchar(255) COLLATE utf8mb4_unicode_ci NOT NULL,
  `tanggal` date NOT NULL,
  `total` int(11) NOT NULL,
  `id_user` varchar(255) COLLATE utf8mb4_unicode_ci NOT NULL,
  `created_at` timestamp NULL DEFAULT NULL,
  `updated_at` timestamp NULL DEFAULT NULL,
  PRIMARY KEY (`id`)
) ENGINE=InnoDB DEFAULT CHARSET=utf8mb4 COLLATE=utf8mb4_unicode_ci;

-- Dumping data for table cahayaprima.ar_retur: ~5 rows (approximately)
/*!40000 ALTER TABLE `ar_retur` DISABLE KEYS */;
INSERT INTO `ar_retur` (`id`, `id_ar`, `tanggal`, `total`, `id_user`, `created_at`, `updated_at`) VALUES
	('RTT0001', 'AR0002', '2020-12-14', 1425000, '1', '2020-12-14 16:47:58', '2020-12-14 16:47:58'),
	('RTT0002', 'AR0003', '2020-12-14', 820800, '1', '2020-12-14 17:18:17', '2020-12-14 17:18:17'),
	('RTT0003', 'AR0003', '2020-12-14', 675000, '1', '2020-12-14 17:23:53', '2020-12-14 17:23:53'),
	('RTT0004', 'AR0005', '2020-12-14', 570000, '1', '2020-12-14 19:20:29', '2020-12-14 19:20:29'),
	('RTT0005', 'AR0006', '2020-12-15', 691125, '1', '2020-12-15 00:27:06', '2020-12-15 00:27:06');
/*!40000 ALTER TABLE `ar_retur` ENABLE KEYS */;

-- Dumping structure for table cahayaprima.barang
CREATE TABLE IF NOT EXISTS `barang` (
  `id` varchar(20) COLLATE utf8mb4_unicode_ci NOT NULL DEFAULT '',
  `nama` varchar(255) COLLATE utf8mb4_unicode_ci NOT NULL,
  `id_kategori` varchar(255) COLLATE utf8mb4_unicode_ci NOT NULL,
  `id_sub` varchar(255) COLLATE utf8mb4_unicode_ci NOT NULL,
  `satuan` varchar(50) COLLATE utf8mb4_unicode_ci NOT NULL DEFAULT '',
  `ukuran` int(11) DEFAULT NULL,
  `deleted_at` timestamp NULL DEFAULT NULL,
  `created_at` timestamp NULL DEFAULT NULL,
  `updated_at` timestamp NULL DEFAULT NULL,
  PRIMARY KEY (`id`)
) ENGINE=InnoDB DEFAULT CHARSET=utf8mb4 COLLATE=utf8mb4_unicode_ci;

-- Dumping data for table cahayaprima.barang: ~375 rows (approximately)
/*!40000 ALTER TABLE `barang` DISABLE KEYS */;
INSERT INTO `barang` (`id`, `nama`, `id_kategori`, `id_sub`, `satuan`, `ukuran`, `deleted_at`, `created_at`, `updated_at`) VALUES
	('BRG00001', 'Lampu Phillips 30W', 'KAT01', 'SUB15', 'Pcs / Dus', 10, NULL, NULL, '2020-11-26 01:44:28'),
	('BRG00002', 'Extrana NYY 4X10 @300M', 'KAT03', 'SUB24', 'Meter / Rol', 50, NULL, NULL, '2020-11-26 01:45:04'),
	('BRG00003', 'Eridani 080 3 Watt', 'KAT02', 'SUB17', 'Pcs / Dus', 10, NULL, NULL, '2020-11-26 01:45:31'),
	('BRG00004', 'Eridani 125 7.5 Watt', 'KAT02', 'SUB17', 'Pcs / Dus', 10, NULL, NULL, '2020-11-26 01:45:50'),
	('BRG00005', 'Meson 090 5 Watt', 'KAT01', 'SUB19', 'Pcs / Dus', 10, NULL, NULL, '2020-11-26 01:46:02'),
	('BRG0001', 'BTA 18 W SKRUP', 'KAT01', 'SUB01', 'Pcs / Dus', 12, NULL, '2020-12-02 13:10:02', '2020-12-02 13:10:02'),
	('BRG0002', 'BTA 18 W TUSUK', 'KAT01', 'SUB01', 'Pcs / Dus', 12, NULL, '2020-12-02 13:10:02', '2020-12-02 13:10:02'),
	('BRG0003', 'BTA 36 W SKRUP', 'KAT01', 'SUB01', 'Pcs / Dus', 12, NULL, '2020-12-02 13:10:02', '2020-12-02 13:10:02'),
	('BRG0004', 'BTA 36 W TUSUK', 'KAT01', 'SUB01', 'Pcs / Dus', 12, NULL, '2020-12-02 13:10:02', '2020-12-02 13:10:02'),
	('BRG0005', 'EBC 1 x 18 W', 'KAT01', 'SUB01', 'Pcs / Dus', 12, NULL, '2020-12-02 13:10:02', '2020-12-02 13:10:02'),
	('BRG0006', 'EBC 1 x 36', 'KAT01', 'SUB01', 'Pcs / Dus', 12, NULL, '2020-12-02 13:10:02', '2020-12-02 13:10:02'),
	('BRG0007', 'PHIL HELIX 35 WATT', 'KAT01', 'SUB03', 'Pcs / Dus', 12, NULL, '2020-12-02 13:10:02', '2020-12-02 13:10:02'),
	('BRG0008', 'PHIL HELIX 45 WATT', 'KAT01', 'SUB03', 'Pcs / Dus', 12, NULL, '2020-12-02 13:10:02', '2020-12-02 13:10:02'),
	('BRG0009', 'PHIL HELIX 55 WATT', 'KAT01', 'SUB03', 'Pcs / Dus', 12, NULL, '2020-12-02 13:10:02', '2020-12-02 13:10:02'),
	('BRG0010', 'PHIL ESSENTIAL 5 W PUTIH', 'KAT01', 'SUB04', 'Pcs / Dus', 12, NULL, '2020-12-02 13:10:02', '2020-12-02 13:10:02'),
	('BRG0011', 'PHIL ESSENTIAL 5 W KUNING', 'KAT01', 'SUB04', 'Pcs / Dus', 12, NULL, '2020-12-02 13:10:02', '2020-12-02 13:10:02'),
	('BRG0012', 'PHIL ESSENTIAL 8 W PUTIH', 'KAT01', 'SUB04', 'Pcs / Dus', 12, NULL, '2020-12-02 13:10:02', '2020-12-02 13:10:02'),
	('BRG0013', 'PHIL ESSENTIAL 8 W KUNING', 'KAT01', 'SUB04', 'Pcs / Dus', 12, NULL, '2020-12-02 13:10:02', '2020-12-02 13:10:02'),
	('BRG0014', 'PHIL ESSENTIAL 11 W PUTIH', 'KAT01', 'SUB04', 'Pcs / Dus', 12, NULL, '2020-12-02 13:10:02', '2020-12-02 13:10:02'),
	('BRG0015', 'PHIL ESSENTIAL 11 W KUNING', 'KAT01', 'SUB04', 'Pcs / Dus', 12, NULL, '2020-12-02 13:10:02', '2020-12-02 13:10:02'),
	('BRG0016', 'PHIL ESSENTIAL 14 W PUTIH', 'KAT01', 'SUB04', 'Pcs / Dus', 12, NULL, '2020-12-02 13:10:02', '2020-12-02 13:10:02'),
	('BRG0017', 'PHIL ESSENTIAL 14 W KUNING', 'KAT01', 'SUB04', 'Pcs / Dus', 12, NULL, '2020-12-02 13:10:02', '2020-12-02 13:10:02'),
	('BRG0018', 'PHIL ESSENTIAL 18 W PUTIH', 'KAT01', 'SUB04', 'Pcs / Dus', 12, NULL, '2020-12-02 13:10:02', '2020-12-02 13:10:02'),
	('BRG0019', 'PHIL ESSENTIAL18 W KUNING', 'KAT01', 'SUB04', 'Pcs / Dus', 12, NULL, '2020-12-02 13:10:02', '2020-12-02 13:10:02'),
	('BRG0020', 'PHIL ESSENTIAL 23 W PUTIH', 'KAT01', 'SUB04', 'Pcs / Dus', 12, NULL, '2020-12-02 13:10:02', '2020-12-02 13:10:02'),
	('BRG0021', 'PHIL ESSENTIAL 23 W KUNING', 'KAT01', 'SUB04', 'Pcs / Dus', 12, NULL, '2020-12-02 13:10:02', '2020-12-02 13:10:02'),
	('BRG0022', 'PHILIPS ESSENTIAL 27 W 86', 'KAT01', 'SUB04', 'Pcs / Dus', 12, NULL, '2020-12-02 13:10:02', '2020-12-02 13:10:02'),
	('BRG0023', 'PHILIPS ESSENTIAL 32 W/86', 'KAT01', 'SUB04', 'Pcs / Dus', 12, NULL, '2020-12-02 13:10:02', '2020-12-02 13:10:02'),
	('BRG0024', 'PHILIPS ESSENTIAL 18W ( PACK)', 'KAT01', 'SUB04', 'Pcs / Dus', 12, NULL, '2020-12-02 13:10:02', '2020-12-02 13:10:02'),
	('BRG0025', 'PHILIPS ESSENTIAL 23W (PACK)', 'KAT01', 'SUB04', 'Pcs / Dus', 12, NULL, '2020-12-02 13:10:02', '2020-12-02 13:10:02'),
	('BRG0026', 'LED BULB 4W 6500K (MYCARE)', 'KAT01', 'SUB07', 'Pcs / Dus', 12, NULL, '2020-12-02 13:10:02', '2020-12-02 13:10:02'),
	('BRG0027', 'LED BULB 4W 3000K (MYCARE)', 'KAT01', 'SUB07', 'Pcs / Dus', 12, NULL, '2020-12-02 13:10:02', '2020-12-02 13:10:02'),
	('BRG0028', 'LED BULB 6W 6500K (MYCARE)', 'KAT01', 'SUB07', 'Pcs / Dus', 12, NULL, '2020-12-02 13:10:02', '2020-12-02 13:10:02'),
	('BRG0029', 'LED BULB 6W 3000K (MYCARE)', 'KAT01', 'SUB07', 'Pcs / Dus', 12, NULL, '2020-12-02 13:10:02', '2020-12-02 13:10:02'),
	('BRG0030', 'LED BULB 8W 6500K (MYCARE)', 'KAT01', 'SUB07', 'Pcs / Dus', 12, NULL, '2020-12-02 13:10:02', '2020-12-02 13:10:02'),
	('BRG0031', 'LED BULB 8W 3000K (MYCARE)', 'KAT01', 'SUB07', 'Pcs / Dus', 12, NULL, '2020-12-02 13:10:02', '2020-12-02 13:10:02'),
	('BRG0032', 'LED BULB 10W 3000K (MYCARE)', 'KAT01', 'SUB07', 'Pcs / Dus', 12, NULL, '2020-12-02 13:10:02', '2020-12-02 13:10:02'),
	('BRG0033', 'LED BULB 10W 6500K (MYCARE)', 'KAT01', 'SUB07', 'Pcs / Dus', 12, NULL, '2020-12-02 13:10:02', '2020-12-02 13:10:02'),
	('BRG0034', 'LED BULB 12W 30000K (MYCARE)', 'KAT01', 'SUB07', 'Pcs / Dus', 12, NULL, '2020-12-02 13:10:02', '2020-12-02 13:10:02'),
	('BRG0035', 'LED BULB 12W 6500K (MYCARE)', 'KAT01', 'SUB07', 'Pcs / Dus', 12, NULL, '2020-12-02 13:10:02', '2020-12-02 13:10:02'),
	('BRG0036', 'PHILP LED BULD 3 W PUTIH', 'KAT01', 'SUB08', 'Pcs / Dus', 12, NULL, '2020-12-02 13:10:02', '2020-12-02 13:10:02'),
	('BRG0037', 'PHILP LED BULD 3 W KUNING', 'KAT01', 'SUB08', 'Pcs / Dus', 12, NULL, '2020-12-02 13:10:02', '2020-12-02 13:10:02'),
	('BRG0038', 'PHILP LED BULD 3,5 W KUNING', 'KAT01', 'SUB08', 'Pcs / Dus', 12, NULL, '2020-12-02 13:10:02', '2020-12-02 13:10:02'),
	('BRG0039', 'PHILP LED BULD 4 W PUTIH', 'KAT01', 'SUB08', 'Pcs / Dus', 12, NULL, '2020-12-02 13:10:02', '2020-12-02 13:10:02'),
	('BRG0040', 'PHILP LED BULD 4 W KUNING', 'KAT01', 'SUB08', 'Pcs / Dus', 12, NULL, '2020-12-02 13:10:02', '2020-12-02 13:10:02'),
	('BRG0041', 'PHILIPS LED BULB 14,5 W CDL', 'KAT01', 'SUB08', 'Pcs / Dus', 12, NULL, '2020-12-02 13:10:02', '2020-12-02 13:10:02'),
	('BRG0042', 'PHILIPS LED BULB 14,5 W KUNING', 'KAT01', 'SUB08', 'Pcs / Dus', 12, NULL, '2020-12-02 13:10:02', '2020-12-02 13:10:02'),
	('BRG0043', 'PHILP LED BULD 19 W PUTIH', 'KAT01', 'SUB08', 'Pcs / Dus', 12, NULL, '2020-12-02 13:10:02', '2020-12-02 13:10:02'),
	('BRG0044', 'TFORCE CONE HB 27-30W E27', 'KAT01', 'SUB08', 'Pcs / Dus', 12, NULL, '2020-12-02 13:10:02', '2020-12-02 13:10:02'),
	('BRG0045', 'TFORCE CONE HB 35-40W E27', 'KAT01', 'SUB08', 'Pcs / Dus', 12, NULL, '2020-12-02 13:10:02', '2020-12-02 13:10:02'),
	('BRG0046', 'TFORCE CONE HB 40-50W E27', 'KAT01', 'SUB08', 'Pcs / Dus', 12, NULL, '2020-12-02 13:10:02', '2020-12-02 13:10:02'),
	('BRG0047', 'PACK LEDBULB 6 WATT MYCARE', 'KAT01', 'SUB09', 'Pcs / Dus', 12, NULL, '2020-12-02 13:10:02', '2020-12-02 13:10:02'),
	('BRG0048', 'PACK LEDBULB 8 WATT MYCARE', 'KAT01', 'SUB09', 'Pcs / Dus', 12, NULL, '2020-12-02 13:10:02', '2020-12-02 13:10:02'),
	('BRG0049', 'PACK LEDBULD 10WATT MYCARE', 'KAT01', 'SUB09', 'Pcs / Dus', 12, NULL, '2020-12-02 13:10:02', '2020-12-02 13:10:02'),
	('BRG0050', 'PACK LEDBULD 12 WATT MYCARE', 'KAT01', 'SUB09', 'Pcs / Dus', 12, NULL, '2020-12-02 13:10:02', '2020-12-02 13:10:02'),
	('BRG0051', 'LEDBULB RECHARGEABLE 7 W 65K', 'KAT01', 'SUB13', 'Pcs / Dus', 12, NULL, '2020-12-02 13:10:02', '2020-12-02 13:10:02'),
	('BRG0052', 'LAMPU PHILIPS LED SWITCH 9.5 W', 'KAT01', 'SUB08', 'Pcs / Dus', 12, NULL, '2020-12-02 13:10:02', '2020-12-02 13:10:02'),
	('BRG0053', 'LAMPU PHILIPS TL-D 10 WA/54', 'KAT01', 'SUB10', 'Pcs / Dus', 12, NULL, '2020-12-02 13:10:02', '2020-12-02 13:10:02'),
	('BRG0054', 'LAMPU PHILIPS TL-D 18W/54 (25)', 'KAT01', 'SUB10', 'Pcs / Dus', 12, NULL, '2020-12-02 13:10:02', '2020-12-02 13:10:02'),
	('BRG0055', 'LAMPU PHILIPS TL-D 18W/54 1SL/30', 'KAT01', 'SUB10', 'Pcs / Dus', 12, NULL, '2020-12-02 13:10:02', '2020-12-02 13:10:02'),
	('BRG0056', 'LAMPU PHILIPS TLD 36/54 1SL/30', 'KAT01', 'SUB10', 'Pcs / Dus', 12, NULL, '2020-12-02 13:10:02', '2020-12-02 13:10:02'),
	('BRG0057', 'LEDTUBE 1200MM 16W 740/765', 'KAT01', 'SUB11', 'Pcs / Dus', 12, NULL, '2020-12-02 13:10:02', '2020-12-02 13:10:02'),
	('BRG0058', 'LEDTUBE 600MM 8W 740/765', 'KAT01', 'SUB11', 'Pcs / Dus', 12, NULL, '2020-12-02 13:10:02', '2020-12-02 13:10:02'),
	('BRG0059', 'LEDTUBE 600MM 8W INDUSTRI', 'KAT01', 'SUB11', 'Pcs / Dus', 12, NULL, '2020-12-02 13:10:02', '2020-12-02 13:10:02'),
	('BRG0060', 'LEDTUBE 1200MM 16W INDUSTRI', 'KAT01', 'SUB11', 'Pcs / Dus', 12, NULL, '2020-12-02 13:10:02', '2020-12-02 13:10:02'),
	('BRG0061', 'TMS012 1 X 18 W - SIMBAT', 'KAT01', 'SUB02', 'Pcs / Dus', 12, NULL, '2020-12-02 13:10:02', '2020-12-02 13:10:02'),
	('BRG0062', 'TMS012 1 X 36 W - SIMBAT', 'KAT01', 'SUB02', 'Pcs / Dus', 12, NULL, '2020-12-02 13:10:02', '2020-12-02 13:10:02'),
	('BRG0063', 'ERIDANI 080 3WATT 30K 3" WW', 'KAT01', 'SUB20', 'Pcs / Dus', 12, NULL, '2020-12-02 13:10:02', '2020-12-02 13:10:02'),
	('BRG0064', 'ERIDANI 080 3WATT 650K 3" CDL', 'KAT01', 'SUB20', 'Pcs / Dus', 12, NULL, '2020-12-02 13:10:02', '2020-12-02 13:10:02'),
	('BRG0065', 'ERIDANI 100 5WATT 30K 4" WW', 'KAT01', 'SUB20', 'Pcs / Dus', 12, NULL, '2020-12-02 13:10:02', '2020-12-02 13:10:02'),
	('BRG0066', 'ERIDANI 100 5WATT 65K 4" CDL', 'KAT01', 'SUB20', 'Pcs / Dus', 12, NULL, '2020-12-02 13:10:02', '2020-12-02 13:10:02'),
	('BRG0067', 'ERIDANI 125 7.5WATT 30K 5" WW', 'KAT01', 'SUB20', 'Pcs / Dus', 12, NULL, '2020-12-02 13:10:02', '2020-12-02 13:10:02'),
	('BRG0068', 'ERIDANI 125 7.5WATT 65K 5" CDL', 'KAT01', 'SUB20', 'Pcs / Dus', 12, NULL, '2020-12-02 13:10:02', '2020-12-02 13:10:02'),
	('BRG0069', 'ERIDANI 150 7.5WATT 30K 6" WW', 'KAT01', 'SUB20', 'Pcs / Dus', 12, NULL, '2020-12-02 13:10:02', '2020-12-02 13:10:02'),
	('BRG0070', 'ERIDANI 150 7.5WATT 65K 6" CDL', 'KAT01', 'SUB20', 'Pcs / Dus', 12, NULL, '2020-12-02 13:10:02', '2020-12-02 13:10:02'),
	('BRG0071', 'ERIDANI 175 12WATT 30K 7" WW', 'KAT01', 'SUB20', 'Pcs / Dus', 12, NULL, '2020-12-02 13:10:02', '2020-12-02 13:10:02'),
	('BRG0072', 'ERIDANI 175 12WATT 65K 7" CDL', 'KAT01', 'SUB20', 'Pcs / Dus', 12, NULL, '2020-12-02 13:10:02', '2020-12-02 13:10:02'),
	('BRG0073', 'ERIDANI 200 14WATT 30K 8" WW', 'KAT01', 'SUB20', 'Pcs / Dus', 12, NULL, '2020-12-02 13:10:02', '2020-12-02 13:10:02'),
	('BRG0074', 'ERIDANI 200 14WATT 65K 8" CDL', 'KAT01', 'SUB20', 'Pcs / Dus', 12, NULL, '2020-12-02 13:10:02', '2020-12-02 13:10:02'),
	('BRG0075', 'PHILP TORNADO 5 W PUTIH', 'KAT01', 'SUB15', 'Pcs / Dus', 12, NULL, '2020-12-02 13:10:02', '2020-12-02 13:10:02'),
	('BRG0076', 'PHILP TORNADO 5 W KUNING', 'KAT01', 'SUB15', 'Pcs / Dus', 12, NULL, '2020-12-02 13:10:02', '2020-12-02 13:10:02'),
	('BRG0077', 'PHILP TORNADO 8 W PUTIH', 'KAT01', 'SUB15', 'Pcs / Dus', 12, NULL, '2020-12-02 13:10:02', '2020-12-02 13:10:02'),
	('BRG0078', 'PHILP TORNADO 8 W KUNING', 'KAT01', 'SUB15', 'Pcs / Dus', 12, NULL, '2020-12-02 13:10:02', '2020-12-02 13:10:02'),
	('BRG0079', 'PHILP TORNADO 12 PUTIH', 'KAT01', 'SUB15', 'Pcs / Dus', 12, NULL, '2020-12-02 13:10:02', '2020-12-02 13:10:02'),
	('BRG0080', 'PHILP TORNADO 12 W KUNING', 'KAT01', 'SUB15', 'Pcs / Dus', 12, NULL, '2020-12-02 13:10:02', '2020-12-02 13:10:02'),
	('BRG0081', 'PHILP TORNADO 15 W PUTIH', 'KAT01', 'SUB15', 'Pcs / Dus', 12, NULL, '2020-12-02 13:10:02', '2020-12-02 13:10:02'),
	('BRG0082', 'PHILP TORNADO 15 W KUNING', 'KAT01', 'SUB15', 'Pcs / Dus', 12, NULL, '2020-12-02 13:10:02', '2020-12-02 13:10:02'),
	('BRG0083', 'PHILP TORNADO 20 W PUTIH', 'KAT01', 'SUB15', 'Pcs / Dus', 12, NULL, '2020-12-02 13:10:02', '2020-12-02 13:10:02'),
	('BRG0084', 'PHILP TORNADO 20 W KUNING', 'KAT01', 'SUB15', 'Pcs / Dus', 12, NULL, '2020-12-02 13:10:02', '2020-12-02 13:10:02'),
	('BRG0085', 'PHILP TORNADO 24 W PUTIH', 'KAT01', 'SUB15', 'Pcs / Dus', 12, NULL, '2020-12-02 13:10:02', '2020-12-02 13:10:02'),
	('BRG0086', 'PHILP TORNADO 27 W PUTIH', 'KAT01', 'SUB15', 'Pcs / Dus', 12, NULL, '2020-12-02 13:10:02', '2020-12-02 13:10:02'),
	('BRG0087', 'PHILP TORNADO 24 W KUNING', 'KAT01', 'SUB15', 'Pcs / Dus', 12, NULL, '2020-12-02 13:10:02', '2020-12-02 13:10:02'),
	('BRG0088', 'LAMPU PHIL GEN 5 W PUTIH', 'KAT01', 'SUB15', 'Pcs / Dus', 12, NULL, '2020-12-02 13:10:02', '2020-12-02 13:10:02'),
	('BRG0089', 'STATER S10', 'KAT05', 'SUB16', 'Pcs / Dus', 12, NULL, '2020-12-02 13:10:02', '2020-12-02 13:10:02'),
	('BRG0090', 'NITTO PVC', 'KAT05', 'SUB16', 'Pcs / Dus', 12, NULL, '2020-12-02 13:10:02', '2020-12-02 13:10:02'),
	('BRG0091', 'NITTO 201', 'KAT05', 'SUB16', 'Pcs / Dus', 12, NULL, '2020-12-02 13:10:02', '2020-12-02 13:10:02'),
	('BRG0092', 'RAKET NYAMUK', 'KAT09', 'SUB31', 'Pcs / Dus', 5, NULL, '2020-12-02 13:10:02', '2020-12-02 13:10:02'),
	('BRG0093', 'PHILIIPS BN015C SET L1200 765', 'KAT01', 'SUB12', 'Pcs / Dus', 12, NULL, '2020-12-02 13:10:02', '2020-12-02 13:10:02'),
	('BRG0094', 'PHILIIPS BN015C SET 600 765', 'KAT01', 'SUB12', 'Pcs / Dus', 12, NULL, '2020-12-02 13:10:02', '2020-12-02 13:10:02'),
	('BRG0095', 'NYM 2X1.5 @ 50M (SUPREME)', 'KAT02', 'SUB17', 'Meter / Rol', 50, NULL, '2020-12-02 13:10:02', '2020-12-02 13:10:02'),
	('BRG0096', 'NYM 2X2.5 @ 50M (SUPREME)', 'KAT02', 'SUB17', 'Meter / Rol', 50, NULL, '2020-12-02 13:10:02', '2020-12-02 13:10:02'),
	('BRG0097', 'NYM 3X1.5 @ 50M (SUPREME)', 'KAT02', 'SUB17', 'Meter / Rol', 50, NULL, '2020-12-02 13:10:02', '2020-12-02 13:10:02'),
	('BRG0098', 'NYM 3X2.5 @ 50M (SUPREME)', 'KAT02', 'SUB17', 'Meter / Rol', 50, NULL, '2020-12-02 13:10:02', '2020-12-02 13:10:02'),
	('BRG0099', 'KABEL SUPREME NYM 2X1.5 @100M', 'KAT02', 'SUB17', 'Meter / Rol', 100, NULL, '2020-12-02 13:10:02', '2020-12-02 13:10:02'),
	('BRG0100', 'KABEL SUPREME NYM 2X2,5 @ 100M', 'KAT02', 'SUB17', 'Meter / Rol', 100, NULL, '2020-12-02 13:10:02', '2020-12-02 13:10:02'),
	('BRG0101', 'KABEL SUPREME NYM 3X1,5 @ 100M', 'KAT02', 'SUB17', 'Meter / Rol', 100, NULL, '2020-12-02 13:10:02', '2020-12-02 13:10:02'),
	('BRG0102', 'KABEL SUPREME NYM 3X2.5 @ 100M', 'KAT02', 'SUB17', 'Meter / Rol', 100, NULL, '2020-12-02 13:10:02', '2020-12-02 13:10:02'),
	('BRG0103', 'SUPRAME NYMHY 2X0,75 (50M)', 'KAT02', 'SUB17', 'Meter / Rol', 50, NULL, '2020-12-02 13:10:02', '2020-12-02 13:10:02'),
	('BRG0104', 'SUPRAME NYMHY 2X1.5 (50M)', 'KAT02', 'SUB17', 'Meter / Rol', 50, NULL, '2020-12-02 13:10:02', '2020-12-02 13:10:02'),
	('BRG0105', 'SUPRAME NYYHY 2X1.5 (50M) HITAM', 'KAT02', 'SUB17', 'Meter / Rol', 50, NULL, '2020-12-02 13:10:02', '2020-12-02 13:10:02'),
	('BRG0106', 'SUPRAME NYYHY 2X0.75 @50M HTM', 'KAT02', 'SUB17', 'Meter / Rol', 50, NULL, '2020-12-02 13:10:02', '2020-12-02 13:10:02'),
	('BRG0107', 'SUPREME NYA 1.5 @ 50M (BIRU)', 'KAT02', 'SUB17', 'Meter / Rol', 50, NULL, '2020-12-02 13:10:02', '2020-12-02 13:10:02'),
	('BRG0108', 'SUPREME NYA 1.5 @ 50M (HITAM)', 'KAT02', 'SUB17', 'Meter / Rol', 50, NULL, '2020-12-02 13:10:02', '2020-12-02 13:10:02'),
	('BRG0109', 'SUPREME NYA 1.5 @ 50M (KUNING)', 'KAT02', 'SUB17', 'Meter / Rol', 50, NULL, '2020-12-02 13:10:02', '2020-12-02 13:10:02'),
	('BRG0110', 'SUPREME NYA 1.5 @ 50M (MERAH)', 'KAT02', 'SUB17', 'Meter / Rol', 50, NULL, '2020-12-02 13:10:02', '2020-12-02 13:10:02'),
	('BRG0111', 'SUPREME NYA 2.5 @ 50M (BLACK)', 'KAT02', 'SUB17', 'Meter / Rol', 50, NULL, '2020-12-02 13:10:02', '2020-12-02 13:10:02'),
	('BRG0112', 'SUPREME NYA 2.5 @ 50M (BLUE)', 'KAT02', 'SUB17', 'Meter / Rol', 50, NULL, '2020-12-02 13:10:02', '2020-12-02 13:10:02'),
	('BRG0113', 'SUPREME NYA 2.5 @ 50M (RED)', 'KAT02', 'SUB17', 'Meter / Rol', 50, NULL, '2020-12-02 13:10:02', '2020-12-02 13:10:02'),
	('BRG0114', '59200 MESON 080 3.5W 3000K 2.5"', 'KAT01', 'SUB19', 'Pcs / Dus', 12, NULL, '2020-12-02 13:10:02', '2020-12-02 13:10:02'),
	('BRG0115', '59200 MESON 080 3.5W 6500K 2.5"', 'KAT01', 'SUB19', 'Pcs / Dus', 12, NULL, '2020-12-02 13:10:02', '2020-12-02 13:10:02'),
	('BRG0116', '59201 MESON 090 5.5W 3000K 3"', 'KAT01', 'SUB19', 'Pcs / Dus', 12, NULL, '2020-12-02 13:10:02', '2020-12-02 13:10:02'),
	('BRG0117', '59201 MESON 090 5.5W 6500K  3"', 'KAT01', 'SUB19', 'Pcs / Dus', 12, NULL, '2020-12-02 13:10:02', '2020-12-02 13:10:02'),
	('BRG0118', '59449 MESON 9 WATT 105D 3000K ', 'KAT01', 'SUB19', 'Pcs / Dus', 12, NULL, '2020-12-02 13:10:02', '2020-12-02 13:10:02'),
	('BRG0119', '59449 MESON 9 WATT 105D 6500K ', 'KAT01', 'SUB19', 'Pcs / Dus', 12, NULL, '2020-12-02 13:10:02', '2020-12-02 13:10:02'),
	('BRG0120', '59464 MESON 125 13W 3000K 4" ', 'KAT01', 'SUB19', 'Pcs / Dus', 12, NULL, '2020-12-02 13:10:02', '2020-12-02 13:10:02'),
	('BRG0121', '59464 MESON 125 13W 6500K 4" ', 'KAT01', 'SUB19', 'Pcs / Dus', 12, NULL, '2020-12-02 13:10:02', '2020-12-02 13:10:02'),
	('BRG0122', '59466 MESON 150 17W 6500K 5"', 'KAT01', 'SUB19', 'Pcs / Dus', 12, NULL, '2020-12-02 13:10:02', '2020-12-02 13:10:02'),
	('BRG0123', 'DN027B G2 LED6/ CW 7W - D100 / 4"', 'KAT01', 'SUB18', 'Pcs / Dus', 12, NULL, '2020-12-02 13:10:02', '2020-12-02 13:10:02'),
	('BRG0124', 'DN027B G2 LED9/ CW 10W - D125 / 5"', 'KAT01', 'SUB18', 'Pcs / Dus', 12, NULL, '2020-12-02 13:10:02', '2020-12-02 13:10:02'),
	('BRG0125', 'DN027B G2 LED12/ CW 14W-D150', 'KAT01', 'SUB18', 'Pcs / Dus', 12, NULL, '2020-12-02 13:10:02', '2020-12-02 13:10:02'),
	('BRG0126', 'DN027B G2 LED12/ WW - 14WATT', 'KAT01', 'SUB18', 'Pcs / Dus', 12, NULL, '2020-12-02 13:10:02', '2020-12-02 13:10:02'),
	('BRG0127', 'DN027B G2 LED15/ CW 17W - D175 / 7"', 'KAT01', 'SUB18', 'Pcs / Dus', 12, NULL, '2020-12-02 13:10:02', '2020-12-02 13:10:02'),
	('BRG0128', 'DN027B G2 LED20/ CW 22W - D200 / 8"', 'KAT01', 'SUB18', 'Pcs / Dus', 12, NULL, '2020-12-02 13:10:02', '2020-12-02 13:10:02'),
	('BRG0129', 'DN020B LED6/ D90 6 WATT CDL', 'KAT01', 'SUB22', 'Pcs / Dus', 12, NULL, '2020-12-02 13:10:02', '2020-12-02 13:10:02'),
	('BRG0130', 'DN020B LED6/ D90 6WATT WW', 'KAT01', 'SUB22', 'Pcs / Dus', 12, NULL, '2020-12-02 13:10:02', '2020-12-02 13:10:02'),
	('BRG0131', 'DN020B LED9/ D125 11WATT CDL', 'KAT01', 'SUB22', 'Pcs / Dus', 12, NULL, '2020-12-02 13:10:02', '2020-12-02 13:10:02'),
	('BRG0132', 'DN020B LED9/ D125 11WATT WW', 'KAT01', 'SUB22', 'Pcs / Dus', 12, NULL, '2020-12-02 13:10:02', '2020-12-02 13:10:02'),
	('BRG0133', 'DN020B LED12/ D150 15WATT CDL', 'KAT01', 'SUB22', 'Pcs / Dus', 12, NULL, '2020-12-02 13:10:02', '2020-12-02 13:10:02'),
	('BRG0134', 'DN020B LED15/ D175 19WATT CDL', 'KAT01', 'SUB22', 'Pcs / Dus', 12, NULL, '2020-12-02 13:10:02', '2020-12-02 13:10:02'),
	('BRG0135', 'DN020B LED15/ D175 19WATT WW', 'KAT01', 'SUB22', 'Pcs / Dus', 12, NULL, '2020-12-02 13:10:02', '2020-12-02 13:10:02'),
	('BRG0136', 'DN020B LED20/ D200 24WATT CDL', 'KAT01', 'SUB22', 'Pcs / Dus', 12, NULL, '2020-12-02 13:10:02', '2020-12-02 13:10:02'),
	('BRG0137', 'DN020B LED20/ D200 24WATT WW', 'KAT01', 'SUB22', 'Pcs / Dus', 12, NULL, '2020-12-02 13:10:02', '2020-12-02 13:10:02'),
	('BRG0138', 'MCB SCHNEIDER DOMAE 1P 2A', 'KAT04', 'SUB14', 'Pcs / Dus', 12, NULL, '2020-12-02 13:10:02', '2020-12-02 13:10:02'),
	('BRG0139', 'MCB SCHNEIDER DOMAE 1P 4A', 'KAT04', 'SUB14', 'Pcs / Dus', 12, NULL, '2020-12-02 13:10:02', '2020-12-02 13:10:02'),
	('BRG0140', 'MCB SCHNEIDER DOMAE 1P 6A', 'KAT04', 'SUB14', 'Pcs / Dus', 12, NULL, '2020-12-02 13:10:02', '2020-12-02 13:10:02'),
	('BRG0141', 'MCB SCHNEIDER DOMAE 1P 10A', 'KAT04', 'SUB14', 'Pcs / Dus', 12, NULL, '2020-12-02 13:10:02', '2020-12-02 13:10:02'),
	('BRG0142', 'MCB SCHNEIDER DOMAE 1P 16A', 'KAT04', 'SUB14', 'Pcs / Dus', 12, NULL, '2020-12-02 13:10:02', '2020-12-02 13:10:02'),
	('BRG0143', 'MCB SCHNEIDER DOMAE 1P 20A', 'KAT04', 'SUB14', 'Pcs / Dus', 12, NULL, '2020-12-02 13:10:02', '2020-12-02 13:10:02'),
	('BRG0144', 'MCB SCHNEIDER DOMAE 1P 25A', 'KAT04', 'SUB14', 'Pcs / Dus', 12, NULL, '2020-12-02 13:10:02', '2020-12-02 13:10:02'),
	('BRG0145', 'FBS111 C MAX 15W-E27 4\'\' WH', 'KAT01', 'SUB21', 'Pcs / Dus', 12, NULL, '2020-12-02 13:10:02', '2020-12-02 13:10:02'),
	('BRG0146', 'FBS115 C MAX 20W-E27 5" WH', 'KAT01', 'SUB21', 'Pcs / Dus', 12, NULL, '2020-12-02 13:10:02', '2020-12-02 13:10:02'),
	('BRG0147', 'LAMPU PHIL SITRANG 5 W PUTIH', 'KAT01', 'SUB05', 'Pcs / Dus', 12, NULL, '2020-12-02 13:10:02', '2020-12-02 13:10:02'),
	('BRG0148', 'LAMPU PHIL SITRANG 8 W PUTIH', 'KAT01', 'SUB05', 'Pcs / Dus', 12, NULL, '2020-12-02 13:10:02', '2020-12-02 13:10:02'),
	('BRG0149', 'LAMPU PHIL SITRANG 11 W PUTIH', 'KAT01', 'SUB05', 'Pcs / Dus', 12, NULL, '2020-12-02 13:10:02', '2020-12-02 13:10:02'),
	('BRG0150', 'LAMPU PHIL SITRANG 18 W PUTIH', 'KAT01', 'SUB05', 'Pcs / Dus', 12, NULL, '2020-12-02 13:10:02', '2020-12-02 13:10:02'),
	('BRG0151', 'LAMPU PHIL SITRANG 23 W PUTIH', 'KAT01', 'SUB05', 'Pcs / Dus', 12, NULL, '2020-12-02 13:10:02', '2020-12-02 13:10:02'),
	('BRG0152', 'MR16 24D ESS LED 3-35W 2700K', 'KAT01', 'SUB23', 'Pcs / Dus', 12, NULL, '2020-12-02 13:10:02', '2020-12-02 13:10:02'),
	('BRG0153', 'MR16 24D ESS LED 3-35W 6500K', 'KAT01', 'SUB23', 'Pcs / Dus', 12, NULL, '2020-12-02 13:10:02', '2020-12-02 13:10:02'),
	('BRG0154', 'MR16 24D ESS LED 5-50W 2700K', 'KAT01', 'SUB23', 'Pcs / Dus', 12, NULL, '2020-12-02 13:10:02', '2020-12-02 13:10:02'),
	('BRG0155', 'MR16 24D ESS LED 5-50W 6500K', 'KAT01', 'SUB23', 'Pcs / Dus', 12, NULL, '2020-12-02 13:10:02', '2020-12-02 13:10:02'),
	('BRG0156', 'MR16 36D ESS LED 3.5-35W 830', 'KAT01', 'SUB23', 'Pcs / Dus', 12, NULL, '2020-12-02 13:10:02', '2020-12-02 13:10:02'),
	('BRG0157', 'MR16 36D ESS LED 3.5-35W 865', 'KAT01', 'SUB23', 'Pcs / Dus', 12, NULL, '2020-12-02 13:10:02', '2020-12-02 13:10:02'),
	('BRG0158', 'MR16 36D ESS LED 4.5-50W 830', 'KAT01', 'SUB23', 'Pcs / Dus', 12, NULL, '2020-12-02 13:10:02', '2020-12-02 13:10:02'),
	('BRG0159', 'MR16 36D ESS LED 4.5-50W 865', 'KAT01', 'SUB23', 'Pcs / Dus', 12, NULL, '2020-12-02 13:10:02', '2020-12-02 13:10:02'),
	('BRG0160', 'DL STICK LED 5.5W E27 65K', 'KAT01', 'SUB13', 'Pcs / Dus', 12, NULL, '2020-12-02 13:10:02', '2020-12-02 13:10:02'),
	('BRG0161', 'DL STICK LED 7.5W E27 65K', 'KAT01', 'SUB13', 'Pcs / Dus', 12, NULL, '2020-12-02 13:10:02', '2020-12-02 13:10:02'),
	('BRG0162', 'DL STICK LED 9.5W E27 65K', 'KAT01', 'SUB13', 'Pcs / Dus', 12, NULL, '2020-12-02 13:10:02', '2020-12-02 13:10:02'),
	('BRG0163', 'LEDBRIGHT 9W E27 65K 230V', 'KAT01', 'SUB32', 'Pcs / Dus', 12, NULL, '2020-12-02 13:10:02', '2020-12-02 13:10:02'),
	('BRG0164', 'LEDBRIGHT 11 W E27 65K 230V', 'KAT01', 'SUB32', 'Pcs / Dus', 12, NULL, '2020-12-02 13:10:02', '2020-12-02 13:10:02'),
	('BRG0165', 'LEDBRIGHT 13 W E27 65K 230V', 'KAT01', 'SUB32', 'Pcs / Dus', 12, NULL, '2020-12-02 13:10:02', '2020-12-02 13:10:02'),
	('BRG0166', 'LEDBRIGHT 17 W E27 65K 230V', 'KAT01', 'SUB32', 'Pcs / Dus', 12, NULL, '2020-12-02 13:10:02', '2020-12-02 13:10:02'),
	('BRG0167', 'LEDBRIGHT 20W E27 65K 230V', 'KAT01', 'SUB32', 'Pcs / Dus', 12, NULL, '2020-12-02 13:10:02', '2020-12-02 13:10:02'),
	('BRG0168', 'EBG 888', 'KAT06', 'SUB25', 'Pcs / Dus', 10, NULL, '2020-12-02 13:10:02', '2020-12-02 13:10:02'),
	('BRG0169', 'EGG 331', 'KAT06', 'SUB25', 'Pcs / Dus', 10, NULL, '2020-12-02 13:10:02', '2020-12-02 13:10:02'),
	('BRG0170', 'WBJ 1214', 'KAT06', 'SUB25', 'Pcs / Dus', 10, NULL, '2020-12-02 13:10:02', '2020-12-02 13:10:02'),
	('BRG0171', 'WBJ 1214W-3K', 'KAT06', 'SUB25', 'Pcs / Dus', 10, NULL, '2020-12-02 13:10:02', '2020-12-02 13:10:02'),
	('BRG0172', 'WBJ 6010', 'KAT06', 'SUB25', 'Pcs / Dus', 10, NULL, '2020-12-02 13:10:02', '2020-12-02 13:10:02'),
	('BRG0173', 'WBSJ 1214MWS', 'KAT06', 'SUB25', 'Pcs / Dus', 10, NULL, '2020-12-02 13:10:02', '2020-12-02 13:10:02'),
	('BRG0174', 'WBSJ 1214W', 'KAT06', 'SUB25', 'Pcs / Dus', 10, NULL, '2020-12-02 13:10:02', '2020-12-02 13:10:02'),
	('BRG0175', 'WEJ 10919', 'KAT06', 'SUB25', 'Pcs / Dus', 10, NULL, '2020-12-02 13:10:02', '2020-12-02 13:10:02'),
	('BRG0176', 'WEJ 1121-7', 'KAT06', 'SUB25', 'Pcs / Dus', 10, NULL, '2020-12-02 13:10:02', '2020-12-02 13:10:02'),
	('BRG0177', 'WEJ 2164', 'KAT06', 'SUB25', 'Pcs / Dus', 10, NULL, '2020-12-02 13:10:02', '2020-12-02 13:10:02'),
	('BRG0178', 'WEJ 2488', 'KAT06', 'SUB25', 'Pcs / Dus', 10, NULL, '2020-12-02 13:10:02', '2020-12-02 13:10:02'),
	('BRG0179', 'WEJ 24886', 'KAT06', 'SUB25', 'Pcs / Dus', 10, NULL, '2020-12-02 13:10:02', '2020-12-02 13:10:02'),
	('BRG0180', 'WEJ 2501', 'KAT06', 'SUB25', 'Pcs / Dus', 10, NULL, '2020-12-02 13:10:02', '2020-12-02 13:10:02'),
	('BRG0181', 'WEJ 2501 H', 'KAT06', 'SUB25', 'Pcs / Dus', 10, NULL, '2020-12-02 13:10:02', '2020-12-02 13:10:02'),
	('BRG0182', 'WEJ 30029', 'KAT06', 'SUB25', 'Pcs / Dus', 10, NULL, '2020-12-02 13:10:02', '2020-12-02 13:10:02'),
	('BRG0183', 'WEJ 3020', 'KAT06', 'SUB25', 'Pcs / Dus', 10, NULL, '2020-12-02 13:10:02', '2020-12-02 13:10:02'),
	('BRG0184', 'WEJ 5531', 'KAT06', 'SUB25', 'Pcs / Dus', 10, NULL, '2020-12-02 13:10:02', '2020-12-02 13:10:02'),
	('BRG0185', 'WEJ 5541', 'KAT06', 'SUB25', 'Pcs / Dus', 10, NULL, '2020-12-02 13:10:02', '2020-12-02 13:10:02'),
	('BRG0186', 'WEJ 5542', 'KAT06', 'SUB25', 'Pcs / Dus', 10, NULL, '2020-12-02 13:10:02', '2020-12-02 13:10:02'),
	('BRG0187', 'WEJ 5571', 'KAT06', 'SUB25', 'Pcs / Dus', 10, NULL, '2020-12-02 13:10:02', '2020-12-02 13:10:02'),
	('BRG0188', 'WEJ 5582', 'KAT06', 'SUB25', 'Pcs / Dus', 10, NULL, '2020-12-02 13:10:02', '2020-12-02 13:10:02'),
	('BRG0189', 'WEJ 57515', 'KAT06', 'SUB25', 'Pcs / Dus', 10, NULL, '2020-12-02 13:10:02', '2020-12-02 13:10:02'),
	('BRG0190', 'WEJ 57518', 'KAT06', 'SUB25', 'Pcs / Dus', 10, NULL, '2020-12-02 13:10:02', '2020-12-02 13:10:02'),
	('BRG0191', 'WEJ 5911', 'KAT06', 'SUB25', 'Pcs / Dus', 10, NULL, '2020-12-02 13:10:02', '2020-12-02 13:10:02'),
	('BRG0192', 'WEJ 78019', 'KAT06', 'SUB25', 'Pcs / Dus', 10, NULL, '2020-12-02 13:10:02', '2020-12-02 13:10:02'),
	('BRG0193', 'WEJ 78029', 'KAT06', 'SUB25', 'Pcs / Dus', 10, NULL, '2020-12-02 13:10:02', '2020-12-02 13:10:02'),
	('BRG0194', 'WEJ 78029 MYX', 'KAT06', 'SUB25', 'Pcs / Dus', 10, NULL, '2020-12-02 13:10:02', '2020-12-02 13:10:02'),
	('BRG0195', 'WEJ 78029 MYZ', 'KAT06', 'SUB25', 'Pcs / Dus', 10, NULL, '2020-12-02 13:10:02', '2020-12-02 13:10:02'),
	('BRG0196', 'WEJ 78049', 'KAT06', 'SUB25', 'Pcs / Dus', 10, NULL, '2020-12-02 13:10:02', '2020-12-02 13:10:02'),
	('BRG0197', 'WEJ 7823', 'KAT06', 'SUB25', 'Pcs / Dus', 10, NULL, '2020-12-02 13:10:02', '2020-12-02 13:10:02'),
	('BRG0198', 'WEJ 89911', 'KAT06', 'SUB25', 'Pcs / Dus', 10, NULL, '2020-12-02 13:10:02', '2020-12-02 13:10:02'),
	('BRG0199', 'WEJ 9111', 'KAT06', 'SUB25', 'Pcs / Dus', 10, NULL, '2020-12-02 13:10:02', '2020-12-02 13:10:02'),
	('BRG0200', 'WEJ5532', 'KAT06', 'SUB25', 'Pcs / Dus', 10, NULL, '2020-12-02 13:10:02', '2020-12-02 13:10:02'),
	('BRG0201', 'WESJ 5931MWS', 'KAT06', 'SUB25', 'Pcs / Dus', 10, NULL, '2020-12-02 13:10:02', '2020-12-02 13:10:02'),
	('BRG0202', 'WESJ 5931W', 'KAT06', 'SUB25', 'Pcs / Dus', 10, NULL, '2020-12-02 13:10:02', '2020-12-02 13:10:02'),
	('BRG0203', 'WESJ 5932 MWS', 'KAT06', 'SUB25', 'Pcs / Dus', 10, NULL, '2020-12-02 13:10:02', '2020-12-02 13:10:02'),
	('BRG0204', 'WESJ 5941W', 'KAT06', 'SUB25', 'Pcs / Dus', 10, NULL, '2020-12-02 13:10:02', '2020-12-02 13:10:02'),
	('BRG0205', 'WESJ 78019MWS', 'KAT06', 'SUB25', 'Pcs / Dus', 10, NULL, '2020-12-02 13:10:02', '2020-12-02 13:10:02'),
	('BRG0206', 'WESJ 78019W', 'KAT06', 'SUB25', 'Pcs / Dus', 10, NULL, '2020-12-02 13:10:02', '2020-12-02 13:10:02'),
	('BRG0207', 'WESJ 78029MWS', 'KAT06', 'SUB25', 'Pcs / Dus', 10, NULL, '2020-12-02 13:10:02', '2020-12-02 13:10:02'),
	('BRG0208', 'WESJ 78029W', 'KAT06', 'SUB25', 'Pcs / Dus', 10, NULL, '2020-12-02 13:10:02', '2020-12-02 13:10:02'),
	('BRG0209', 'WESJ 78049MWS', 'KAT06', 'SUB25', 'Pcs / Dus', 10, NULL, '2020-12-02 13:10:02', '2020-12-02 13:10:02'),
	('BRG0210', 'WESJ 78049W', 'KAT06', 'SUB25', 'Pcs / Dus', 10, NULL, '2020-12-02 13:10:02', '2020-12-02 13:10:02'),
	('BRG0211', 'WESJP 11212MWS', 'KAT06', 'SUB25', 'Pcs / Dus', 10, NULL, '2020-12-02 13:10:02', '2020-12-02 13:10:02'),
	('BRG0212', 'WESJP 11212W', 'KAT06', 'SUB25', 'Pcs / Dus', 10, NULL, '2020-12-02 13:10:02', '2020-12-02 13:10:02'),
	('BRG0213', 'WESJP 1121MWS', 'KAT06', 'SUB25', 'Pcs / Dus', 10, NULL, '2020-12-02 13:10:02', '2020-12-02 13:10:02'),
	('BRG0214', 'WESJP 1121W', 'KAT06', 'SUB25', 'Pcs / Dus', 10, NULL, '2020-12-02 13:10:02', '2020-12-02 13:10:02'),
	('BRG0215', 'WESJP 11222MWS', 'KAT06', 'SUB25', 'Pcs / Dus', 10, NULL, '2020-12-02 13:10:02', '2020-12-02 13:10:02'),
	('BRG0216', 'WESJP 11222W', 'KAT06', 'SUB25', 'Pcs / Dus', 10, NULL, '2020-12-02 13:10:02', '2020-12-02 13:10:02'),
	('BRG0217', 'WKJ 1131', 'KAT06', 'SUB25', 'Pcs / Dus', 10, NULL, '2020-12-02 13:10:02', '2020-12-02 13:10:02'),
	('BRG0218', 'WSJ 3001', 'KAT06', 'SUB25', 'Pcs / Dus', 10, NULL, '2020-12-02 13:10:02', '2020-12-02 13:10:02'),
	('BRG0219', 'WSJ 3900', 'KAT06', 'SUB25', 'Pcs / Dus', 10, NULL, '2020-12-02 13:10:02', '2020-12-02 13:10:02'),
	('BRG0220', 'WEJP 1121 MYX - 7', 'KAT06', 'SUB25', 'Pcs / Dus', 10, NULL, '2020-12-02 13:10:02', '2020-12-02 13:10:02'),
	('BRG0221', 'WEJP 1121 MYZ - 7', 'KAT06', 'SUB25', 'Pcs / Dus', 10, NULL, '2020-12-02 13:10:02', '2020-12-02 13:10:02'),
	('BRG0222', 'WEJP 11212 F - 7', 'KAT06', 'SUB25', 'Pcs / Dus', 10, NULL, '2020-12-02 13:10:02', '2020-12-02 13:10:02'),
	('BRG0223', 'WEJP 11212-7', 'KAT06', 'SUB25', 'Pcs / Dus', 10, NULL, '2020-12-02 13:10:02', '2020-12-02 13:10:02'),
	('BRG0224', 'WEJP 1121-7', 'KAT06', 'SUB25', 'Pcs / Dus', 10, NULL, '2020-12-02 13:10:02', '2020-12-02 13:10:02'),
	('BRG0225', 'WEJP 11222-7', 'KAT06', 'SUB25', 'Pcs / Dus', 10, NULL, '2020-12-02 13:10:02', '2020-12-02 13:10:02'),
	('BRG0226', 'WEJP 11312-7', 'KAT06', 'SUB25', 'Pcs / Dus', 10, NULL, '2020-12-02 13:10:02', '2020-12-02 13:10:02'),
	('BRG0227', 'WEJP 1131-7', 'KAT06', 'SUB25', 'Pcs / Dus', 10, NULL, '2020-12-02 13:10:02', '2020-12-02 13:10:02'),
	('BRG0228', 'WEJP 11322-7', 'KAT06', 'SUB25', 'Pcs / Dus', 10, NULL, '2020-12-02 13:10:02', '2020-12-02 13:10:02'),
	('BRG0229', 'MASPION EXHAUST FAN 8" CEF-20', 'KAT07', 'SUB26', 'Pcs / Dus', 1, NULL, '2020-12-02 13:10:02', '2020-12-02 13:10:02'),
	('BRG0230', 'MASPION EXH. FAN 10"CEF 25-220', 'KAT07', 'SUB26', 'Pcs / Dus', 1, NULL, '2020-12-02 13:10:02', '2020-12-02 13:10:02'),
	('BRG0231', 'EXHAUST FAN 8" MV 200 NEX', 'KAT07', 'SUB26', 'Pcs / Dus', 1, NULL, '2020-12-02 13:10:02', '2020-12-02 13:10:02'),
	('BRG0232', 'MASPION EXHAUST FAN 8" MV 201', 'KAT07', 'SUB26', 'Pcs / Dus', 1, NULL, '2020-12-02 13:10:02', '2020-12-02 13:10:02'),
	('BRG0233', 'MASPION EXHAUST FAN 10" MV 250', 'KAT07', 'SUB26', 'Pcs / Dus', 1, NULL, '2020-12-02 13:10:02', '2020-12-02 13:10:02'),
	('BRG0234', 'MASPION EXHAUST FAN 12" MV 300', 'KAT07', 'SUB26', 'Pcs / Dus', 1, NULL, '2020-12-02 13:10:02', '2020-12-02 13:10:02'),
	('BRG0235', 'SETERIKA EX 1000 ( EXCLUSIVE )', 'KAT07', 'SUB27', 'Pcs / Dus', 1, NULL, '2020-12-02 13:10:02', '2020-12-02 13:10:02'),
	('BRG0236', 'SETERIKA EX 1000 ( EXCLUSIVE )', 'KAT07', 'SUB27', 'Pcs / Dus', 1, NULL, '2020-12-02 13:10:02', '2020-12-02 13:10:02'),
	('BRG0237', 'STAND FAN 16" EX 167 S - 220', 'KAT07', 'SUB29', 'Pcs / Dus', 1, NULL, '2020-12-02 13:10:02', '2020-12-02 13:10:02'),
	('BRG0238', 'SETRIKA HA 110 220V', 'KAT07', 'SUB27', 'Pcs / Dus', 1, NULL, '2020-12-02 13:10:02', '2020-12-02 13:10:02'),
	('BRG0239', 'VENTILATING 140MM MV 14EX-220', 'KAT07', 'SUB28', 'Pcs / Dus', 1, NULL, '2020-12-02 13:10:02', '2020-12-02 13:10:02'),
	('BRG0240', 'VENTILATING 180MM MV 18EX-220', 'KAT07', 'SUB28', 'Pcs / Dus', 1, NULL, '2020-12-02 13:10:02', '2020-12-02 13:10:02'),
	('BRG0241', 'VENTILATING FAN MV 16 EX-220', 'KAT07', 'SUB28', 'Pcs / Dus', 1, NULL, '2020-12-02 13:10:02', '2020-12-02 13:10:02'),
	('BRG0242', 'MASPION WALLFAN 12"MWF31K-220', 'KAT07', 'SUB29', 'Pcs / Dus', 1, NULL, '2020-12-02 13:10:02', '2020-12-02 13:10:02'),
	('BRG0243', 'MASPION WALLFAN 16" MWF41K-220', 'KAT07', 'SUB29', 'Pcs / Dus', 1, NULL, '2020-12-02 13:10:02', '2020-12-02 13:10:02'),
	('BRG0244', 'LAMPU PRIME LED 3WATT CDL', 'KAT08', 'SUB30', 'Pcs / Dus', 12, NULL, '2020-12-02 13:10:02', '2020-12-02 13:10:02'),
	('BRG0245', 'LAMPU PRIME LED 6 WATT CDL', 'KAT08', 'SUB30', 'Pcs / Dus', 12, NULL, '2020-12-02 13:10:02', '2020-12-02 13:10:02'),
	('BRG0246', 'LAMPU PRIME LED 8 WATT CDL', 'KAT08', 'SUB30', 'Pcs / Dus', 12, NULL, '2020-12-02 13:10:02', '2020-12-02 13:10:02'),
	('BRG0247', 'LAMPU PRIME LED 10 WATT CDL', 'KAT08', 'SUB30', 'Pcs / Dus', 12, NULL, '2020-12-02 13:10:02', '2020-12-02 13:10:02'),
	('BRG0248', 'LAMPU PRIME LED 12 WATT CDL', 'KAT08', 'SUB30', 'Pcs / Dus', 12, NULL, '2020-12-02 13:10:02', '2020-12-02 13:10:02'),
	('BRG0249', 'LAMPU PRIME LED 14 WATT CDL', 'KAT08', 'SUB30', 'Pcs / Dus', 12, NULL, '2020-12-02 13:10:02', '2020-12-02 13:10:02'),
	('BRG0250', 'LAMPU PRIME LED 20 WATT CDL', 'KAT08', 'SUB30', 'Pcs / Dus', 12, NULL, '2020-12-02 13:10:02', '2020-12-02 13:10:02'),
	('BRG0251', 'LAMPU PRIME LED 30 WATT CDL', 'KAT08', 'SUB30', 'Pcs / Dus', 12, NULL, '2020-12-02 13:10:02', '2020-12-02 13:10:02'),
	('BRG0252', 'LAMPU PRIME LED 40 WATT CDL', 'KAT08', 'SUB30', 'Pcs / Dus', 12, NULL, '2020-12-02 13:10:02', '2020-12-02 13:10:02'),
	('BRG0253', 'EXTRANA NYA 1X1.5@100M BIRU', 'KAT03', 'SUB24', 'Meter / Rol', 100, NULL, '2020-12-02 13:10:02', '2020-12-02 13:10:02'),
	('BRG0254', 'EXTRANA NYA 1X1.5@100M HITAM', 'KAT03', 'SUB24', 'Meter / Rol', 100, NULL, '2020-12-02 13:10:02', '2020-12-02 13:10:02'),
	('BRG0255', 'EXTRANA NYA 1X1.5@100M MERAH', 'KAT03', 'SUB24', 'Meter / Rol', 100, NULL, '2020-12-02 13:10:02', '2020-12-02 13:10:02'),
	('BRG0256', 'EXTRANA NYA 1X2.5@100M BIRU', 'KAT03', 'SUB24', 'Meter / Rol', 100, NULL, '2020-12-02 13:10:02', '2020-12-02 13:10:02'),
	('BRG0257', 'EXTRANA NYA 1X2.5@100M HITAM', 'KAT03', 'SUB24', 'Meter / Rol', 100, NULL, '2020-12-02 13:10:02', '2020-12-02 13:10:02'),
	('BRG0258', 'EXTRANA NYA 1X2.5@100M MERAH', 'KAT03', 'SUB24', 'Meter / Rol', 100, NULL, '2020-12-02 13:10:02', '2020-12-02 13:10:02'),
	('BRG0259', 'EXTRANA NYY 3X2.5 @ 50M', 'KAT03', 'SUB24', 'Meter / Rol', 50, NULL, '2020-12-02 13:10:02', '2020-12-02 13:10:02'),
	('BRG0260', 'EXTRANA NYY 4X10 @ 300M', 'KAT03', 'SUB24', 'Meter / Rol', 300, NULL, '2020-12-02 13:10:02', '2020-12-02 13:10:02'),
	('BRG0261', 'EXTRANA NYY 4X10 @ 300M', 'KAT03', 'SUB24', 'Meter / Rol', 300, NULL, '2020-12-02 13:10:02', '2020-12-02 13:10:02'),
	('BRG0262', 'EXTRANA NYY 4X10@200M', 'KAT03', 'SUB24', 'Meter / Rol', 200, NULL, '2020-12-02 13:10:02', '2020-12-02 13:10:02'),
	('BRG0263', 'EXTRANA NYY 4X4 @ 300M', 'KAT03', 'SUB24', 'Meter / Rol', 300, NULL, '2020-12-02 13:10:02', '2020-12-02 13:10:02'),
	('BRG0264', 'BONUS EXTRANA 2 X 1,5 @ 250 M', 'KAT03', 'SUB24', 'Meter / Rol', 250, NULL, '2020-12-02 13:10:02', '2020-12-02 13:10:02'),
	('BRG0265', 'BONUS EXTRANA NYM 2X1,5 @ 50M', 'KAT03', 'SUB24', 'Meter / Rol', 50, NULL, '2020-12-02 13:10:02', '2020-12-02 13:10:02'),
	('BRG0266', 'EXTRANA  NYA1X2.5 @100M KUNING', 'KAT03', 'SUB24', 'Meter / Rol', 100, NULL, '2020-12-02 13:10:02', '2020-12-02 13:10:02'),
	('BRG0267', 'EXTRANA  NYAF1X1.5 @100M HITAM', 'KAT03', 'SUB24', 'Meter / Rol', 100, NULL, '2020-12-02 13:10:02', '2020-12-02 13:10:02'),
	('BRG0268', 'EXTRANA  NYM 3X2.5 @ 250M', 'KAT03', 'SUB24', 'Meter / Rol', 250, NULL, '2020-12-02 13:10:02', '2020-12-02 13:10:02'),
	('BRG0269', 'EXTRANA  NYYHY 3X1.5@50M', 'KAT03', 'SUB24', 'Meter / Rol', 50, NULL, '2020-12-02 13:10:02', '2020-12-02 13:10:02'),
	('BRG0270', 'EXTRANA NFA 2 X 2 X 10 @ 400 M', 'KAT03', 'SUB24', 'Meter / Rol', 400, NULL, '2020-12-02 13:10:02', '2020-12-02 13:10:02'),
	('BRG0271', 'EXTRANA NFA 2X2X10@500 M', 'KAT03', 'SUB24', 'Meter / Rol', 500, NULL, '2020-12-02 13:10:02', '2020-12-02 13:10:02'),
	('BRG0272', 'EXTRANA NYA  1X4@100M (BIRU)', 'KAT03', 'SUB24', 'Meter / Rol', 100, NULL, '2020-12-02 13:10:02', '2020-12-02 13:10:02'),
	('BRG0273', 'EXTRANA NYA 1 X 1.5 @50M (K-H)', 'KAT03', 'SUB24', 'Meter / Rol', 50, NULL, '2020-12-02 13:10:02', '2020-12-02 13:10:02'),
	('BRG0274', 'EXTRANA NYA 1 X 6 @100M (HTM)', 'KAT03', 'SUB24', 'Meter / Rol', 100, NULL, '2020-12-02 13:10:02', '2020-12-02 13:10:02'),
	('BRG0275', 'EXTRANA NYA 1 X 6 @100M (K-H)', 'KAT03', 'SUB24', 'Meter / Rol', 100, NULL, '2020-12-02 13:10:02', '2020-12-02 13:10:02'),
	('BRG0276', 'EXTRANA NYA 1.5 @ 100M KUNING', 'KAT03', 'SUB24', 'Meter / Rol', 100, NULL, '2020-12-02 13:10:02', '2020-12-02 13:10:02'),
	('BRG0277', 'EXTRANA NYA 1X1.5@50M (BIRU)', 'KAT03', 'SUB24', 'Meter / Rol', 50, NULL, '2020-12-02 13:10:02', '2020-12-02 13:10:02'),
	('BRG0278', 'EXTRANA NYA 1X2.5@100M KUNING', 'KAT03', 'SUB24', 'Meter / Rol', 100, NULL, '2020-12-02 13:10:02', '2020-12-02 13:10:02'),
	('BRG0279', 'EXTRANA NYAF 1 X 1.5 @ 50M HTM', 'KAT03', 'SUB24', 'Meter / Rol', 50, NULL, '2020-12-02 13:10:02', '2020-12-02 13:10:02'),
	('BRG0280', 'EXTRANA NYAF 1 X 1.5 @ 50M K-H', 'KAT03', 'SUB24', 'Meter / Rol', 50, NULL, '2020-12-02 13:10:02', '2020-12-02 13:10:02'),
	('BRG0281', 'EXTRANA NYAF 1 X 1.5 @ 50M MRH', 'KAT03', 'SUB24', 'Meter / Rol', 50, NULL, '2020-12-02 13:10:02', '2020-12-02 13:10:02'),
	('BRG0282', 'EXTRANA NYAF 1 X 16 @ 100M (H)', 'KAT03', 'SUB24', 'Meter / Rol', 100, NULL, '2020-12-02 13:10:02', '2020-12-02 13:10:02'),
	('BRG0283', 'EXTRANA NYAF 1 X 50@100M (HTM)', 'KAT03', 'SUB24', 'Meter / Rol', 100, NULL, '2020-12-02 13:10:02', '2020-12-02 13:10:02'),
	('BRG0284', 'EXTRANA NYAF 1 X 6 @100M (HTM)', 'KAT03', 'SUB24', 'Meter / Rol', 100, NULL, '2020-12-02 13:10:02', '2020-12-02 13:10:02'),
	('BRG0285', 'EXTRANA NYAF 1X0.75@100M BIRU', 'KAT03', 'SUB24', 'Meter / Rol', 100, NULL, '2020-12-02 13:10:02', '2020-12-02 13:10:02'),
	('BRG0286', 'EXTRANA NYAF 1X0.75@100M HITAM', 'KAT03', 'SUB24', 'Meter / Rol', 100, NULL, '2020-12-02 13:10:02', '2020-12-02 13:10:02'),
	('BRG0287', 'EXTRANA NYAF 1X0.75@100M KNG', 'KAT03', 'SUB24', 'Meter / Rol', 100, NULL, '2020-12-02 13:10:02', '2020-12-02 13:10:02'),
	('BRG0288', 'EXTRANA NYAF 1X0.75@100M MERAH', 'KAT03', 'SUB24', 'Meter / Rol', 100, NULL, '2020-12-02 13:10:02', '2020-12-02 13:10:02'),
	('BRG0289', 'EXTRANA NYAF 1X1.5 @ 100M BIRU', 'KAT03', 'SUB24', 'Meter / Rol', 100, NULL, '2020-12-02 13:10:02', '2020-12-02 13:10:02'),
	('BRG0290', 'EXTRANA NYAF 1X1.5 @100M MERAH', 'KAT03', 'SUB24', 'Meter / Rol', 100, NULL, '2020-12-02 13:10:02', '2020-12-02 13:10:02'),
	('BRG0291', 'EXTRANA NYAF 1X1.5@100M KUNING', 'KAT03', 'SUB24', 'Meter / Rol', 100, NULL, '2020-12-02 13:10:02', '2020-12-02 13:10:02'),
	('BRG0292', 'EXTRANA NYAF 1X10 @100M (HTM)', 'KAT03', 'SUB24', 'Meter / Rol', 100, NULL, '2020-12-02 13:10:02', '2020-12-02 13:10:02'),
	('BRG0293', 'EXTRANA NYAF 1X2.5 @100M HITAM', 'KAT03', 'SUB24', 'Meter / Rol', 100, NULL, '2020-12-02 13:10:02', '2020-12-02 13:10:02'),
	('BRG0294', 'EXTRANA NYAF 1X25 @100M (K-H)', 'KAT03', 'SUB24', 'Meter / Rol', 100, NULL, '2020-12-02 13:10:02', '2020-12-02 13:10:02'),
	('BRG0295', 'EXTRANA NYAF 1X25@100M (HTM)', 'KAT03', 'SUB24', 'Meter / Rol', 100, NULL, '2020-12-02 13:10:02', '2020-12-02 13:10:02'),
	('BRG0296', 'EXTRANA NYAF 1X35 @100M (K-H)', 'KAT03', 'SUB24', 'Meter / Rol', 100, NULL, '2020-12-02 13:10:02', '2020-12-02 13:10:02'),
	('BRG0297', 'EXTRANA NYAF 1X35@100M (HTM)', 'KAT03', 'SUB24', 'Meter / Rol', 100, NULL, '2020-12-02 13:10:02', '2020-12-02 13:10:02'),
	('BRG0298', 'EXTRANA NYAF 1X4@100M HITAM', 'KAT03', 'SUB24', 'Meter / Rol', 100, NULL, '2020-12-02 13:10:02', '2020-12-02 13:10:02'),
	('BRG0299', 'EXTRANA NYAF1X2.5 @ 100M BIRU', 'KAT03', 'SUB24', 'Meter / Rol', 100, NULL, '2020-12-02 13:10:02', '2020-12-02 13:10:02'),
	('BRG0300', 'EXTRANA NYAF1X2.5 @ 100M KUNIN', 'KAT03', 'SUB24', 'Meter / Rol', 100, NULL, '2020-12-02 13:10:02', '2020-12-02 13:10:02'),
	('BRG0301', 'EXTRANA NYAF1X2.5 @ 100M MERAH', 'KAT03', 'SUB24', 'Meter / Rol', 100, NULL, '2020-12-02 13:10:02', '2020-12-02 13:10:02'),
	('BRG0302', 'EXTRANA NYM 2 X 1.5 @ 100 M', 'KAT03', 'SUB24', 'Meter / Rol', 100, NULL, '2020-12-02 13:10:02', '2020-12-02 13:10:02'),
	('BRG0303', 'EXTRANA NYM 2 X 1.5 @ 200M', 'KAT03', 'SUB24', 'Meter / Rol', 200, NULL, '2020-12-02 13:10:02', '2020-12-02 13:10:02'),
	('BRG0304', 'EXTRANA NYM 2 X 1.5 @ 250M', 'KAT03', 'SUB24', 'Meter / Rol', 250, NULL, '2020-12-02 13:10:02', '2020-12-02 13:10:02'),
	('BRG0305', 'EXTRANA NYM 2 X 10 @ 50M', 'KAT03', 'SUB24', 'Meter / Rol', 50, NULL, '2020-12-02 13:10:02', '2020-12-02 13:10:02'),
	('BRG0306', 'EXTRANA NYM 2 X 2.5 @ 100 M', 'KAT03', 'SUB24', 'Meter / Rol', 100, NULL, '2020-12-02 13:10:02', '2020-12-02 13:10:02'),
	('BRG0307', 'EXTRANA NYM 2 X 2.5 @ 200 M', 'KAT03', 'SUB24', 'Meter / Rol', 200, NULL, '2020-12-02 13:10:02', '2020-12-02 13:10:02'),
	('BRG0308', 'EXTRANA NYM 2 X 4 @ 50M', 'KAT03', 'SUB24', 'Meter / Rol', 50, NULL, '2020-12-02 13:10:02', '2020-12-02 13:10:02'),
	('BRG0309', 'EXTRANA NYM 2X1.5 @ 50M', 'KAT03', 'SUB24', 'Meter / Rol', 50, NULL, '2020-12-02 13:10:02', '2020-12-02 13:10:02'),
	('BRG0310', 'EXTRANA NYM 2X2.5 @ 250M', 'KAT03', 'SUB24', 'Meter / Rol', 250, NULL, '2020-12-02 13:10:02', '2020-12-02 13:10:02'),
	('BRG0311', 'EXTRANA NYM 2X2.5 @ 50M', 'KAT03', 'SUB24', 'Meter / Rol', 50, NULL, '2020-12-02 13:10:02', '2020-12-02 13:10:02'),
	('BRG0312', 'EXTRANA NYM 3 X 1.5 @ 100 M', 'KAT03', 'SUB24', 'Meter / Rol', 100, NULL, '2020-12-02 13:10:02', '2020-12-02 13:10:02'),
	('BRG0313', 'EXTRANA NYM 3 X 2.5 @ 100 M', 'KAT03', 'SUB24', 'Meter / Rol', 100, NULL, '2020-12-02 13:10:02', '2020-12-02 13:10:02'),
	('BRG0314', 'EXTRANA NYM 3 X 2.5 @ 100M', 'KAT03', 'SUB24', 'Meter / Rol', 100, NULL, '2020-12-02 13:10:02', '2020-12-02 13:10:02'),
	('BRG0315', 'EXTRANA NYM 3 X 2.5 @ 200 M', 'KAT03', 'SUB24', 'Meter / Rol', 200, NULL, '2020-12-02 13:10:02', '2020-12-02 13:10:02'),
	('BRG0316', 'EXTRANA NYM 3 X 4 @ 50M', 'KAT03', 'SUB24', 'Meter / Rol', 50, NULL, '2020-12-02 13:10:02', '2020-12-02 13:10:02'),
	('BRG0317', 'EXTRANA NYM 3 X 6 @ 50M', 'KAT03', 'SUB24', 'Meter / Rol', 50, NULL, '2020-12-02 13:10:02', '2020-12-02 13:10:02'),
	('BRG0318', 'EXTRANA NYM 3X1.5 @ 250M', 'KAT03', 'SUB24', 'Meter / Rol', 250, NULL, '2020-12-02 13:10:02', '2020-12-02 13:10:02'),
	('BRG0319', 'EXTRANA NYM 3X1.5 @ 50M', 'KAT03', 'SUB24', 'Meter / Rol', 50, NULL, '2020-12-02 13:10:02', '2020-12-02 13:10:02'),
	('BRG0320', 'EXTRANA NYM 3X2.5@ 50M', 'KAT03', 'SUB24', 'Meter / Rol', 50, NULL, '2020-12-02 13:10:02', '2020-12-02 13:10:02'),
	('BRG0321', 'EXTRANA NYM 4 X 1.5 @ 100M', 'KAT03', 'SUB24', 'Meter / Rol', 100, NULL, '2020-12-02 13:10:02', '2020-12-02 13:10:02'),
	('BRG0322', 'EXTRANA NYM 4 X 10 @ 50M', 'KAT03', 'SUB24', 'Meter / Rol', 50, NULL, '2020-12-02 13:10:02', '2020-12-02 13:10:02'),
	('BRG0323', 'EXTRANA NYM 4 X 2.5 @ 50M', 'KAT03', 'SUB24', 'Meter / Rol', 50, NULL, '2020-12-02 13:10:02', '2020-12-02 13:10:02'),
	('BRG0324', 'EXTRANA NYM 4 X 4 @ 50M', 'KAT03', 'SUB24', 'Meter / Rol', 50, NULL, '2020-12-02 13:10:02', '2020-12-02 13:10:02'),
	('BRG0325', 'EXTRANA NYM 4 X 4 @ 600M', 'KAT03', 'SUB24', 'Meter / Rol', 600, NULL, '2020-12-02 13:10:02', '2020-12-02 13:10:02'),
	('BRG0326', 'EXTRANA NYM 4X2.5@300M', 'KAT03', 'SUB24', 'Meter / Rol', 300, NULL, '2020-12-02 13:10:02', '2020-12-02 13:10:02'),
	('BRG0327', 'EXTRANA NYM 4X2.5@500M', 'KAT03', 'SUB24', 'Meter / Rol', 500, NULL, '2020-12-02 13:10:02', '2020-12-02 13:10:02'),
	('BRG0328', 'EXTRANA NYM 4X6@300M', 'KAT03', 'SUB24', 'Meter / Rol', 300, NULL, '2020-12-02 13:10:02', '2020-12-02 13:10:02'),
	('BRG0329', 'EXTRANA NYMHY 2 X 0.75 @ 250M', 'KAT03', 'SUB24', 'Meter / Rol', 250, NULL, '2020-12-02 13:10:02', '2020-12-02 13:10:02'),
	('BRG0330', 'EXTRANA NYMHY 2 X07.5 @250M', 'KAT03', 'SUB24', 'Meter / Rol', 250, NULL, '2020-12-02 13:10:02', '2020-12-02 13:10:02'),
	('BRG0331', 'EXTRANA NYMHY 2X0.75@50M (PTH)', 'KAT03', 'SUB24', 'Meter / Rol', 50, NULL, '2020-12-02 13:10:02', '2020-12-02 13:10:02'),
	('BRG0332', 'EXTRANA NYMHY 2X1.5@100M (PTH)', 'KAT03', 'SUB24', 'Meter / Rol', 100, NULL, '2020-12-02 13:10:02', '2020-12-02 13:10:02'),
	('BRG0333', 'EXTRANA NYMHY 2X1.5@50M (PTH)', 'KAT03', 'SUB24', 'Meter / Rol', 50, NULL, '2020-12-02 13:10:02', '2020-12-02 13:10:02'),
	('BRG0334', 'EXTRANA NYMHY 3X0.75 @50M PUT', 'KAT03', 'SUB24', 'Meter / Rol', 50, NULL, '2020-12-02 13:10:02', '2020-12-02 13:10:02'),
	('BRG0335', 'EXTRANA NYMHY 3X1.5 @50M PUTIH', 'KAT03', 'SUB24', 'Meter / Rol', 50, NULL, '2020-12-02 13:10:02', '2020-12-02 13:10:02'),
	('BRG0336', 'EXTRANA NYMHY 3X2.5 @50M PUTIH', 'KAT03', 'SUB24', 'Meter / Rol', 50, NULL, '2020-12-02 13:10:02', '2020-12-02 13:10:02'),
	('BRG0337', 'EXTRANA NYMHY 4 X 2.5 @ 50M', 'KAT03', 'SUB24', 'Meter / Rol', 50, NULL, '2020-12-02 13:10:02', '2020-12-02 13:10:02'),
	('BRG0338', 'EXTRANA NYMHY 4X0.75@50M (PTH)', 'KAT03', 'SUB24', 'Meter / Rol', 50, NULL, '2020-12-02 13:10:02', '2020-12-02 13:10:02'),
	('BRG0339', 'EXTRANA NYY 2 X 10 @ 50M', 'KAT03', 'SUB24', 'Meter / Rol', 50, NULL, '2020-12-02 13:10:02', '2020-12-02 13:10:02'),
	('BRG0340', 'EXTRANA NYY 2 X 6 @ 50M', 'KAT03', 'SUB24', 'Meter / Rol', 50, NULL, '2020-12-02 13:10:02', '2020-12-02 13:10:02'),
	('BRG0341', 'EXTRANA NYY 2X1.5 @ 50M HITAM', 'KAT03', 'SUB24', 'Meter / Rol', 50, NULL, '2020-12-02 13:10:02', '2020-12-02 13:10:02'),
	('BRG0342', 'EXTRANA NYY 2X2.5 @ 50M HITAM', 'KAT03', 'SUB24', 'Meter / Rol', 50, NULL, '2020-12-02 13:10:02', '2020-12-02 13:10:02'),
	('BRG0343', 'EXTRANA NYY 3 X 1.5 @ 50 M', 'KAT03', 'SUB24', 'Meter / Rol', 50, NULL, '2020-12-02 13:10:02', '2020-12-02 13:10:02'),
	('BRG0344', 'EXTRANA NYY 3 X 10 @ 50M', 'KAT03', 'SUB24', 'Meter / Rol', 50, NULL, '2020-12-02 13:10:02', '2020-12-02 13:10:02'),
	('BRG0345', 'EXTRANA NYY 3 X 4 @ 50M', 'KAT03', 'SUB24', 'Meter / Rol', 50, NULL, '2020-12-02 13:10:02', '2020-12-02 13:10:02'),
	('BRG0346', 'EXTRANA NYY 3X6 @ 50M HITAM', 'KAT03', 'SUB24', 'Meter / Rol', 50, NULL, '2020-12-02 13:10:02', '2020-12-02 13:10:02'),
	('BRG0347', 'EXTRANA NYY 4 X 10', 'KAT03', 'SUB24', 'Meter / Rol', 50, NULL, '2020-12-02 13:10:02', '2020-12-02 13:10:02'),
	('BRG0348', 'EXTRANA NYY 4 X 16 @ 500M', 'KAT03', 'SUB24', 'Meter / Rol', 500, NULL, '2020-12-02 13:10:02', '2020-12-02 13:10:02'),
	('BRG0349', 'EXTRANA NYY 4 X 2.5 @ 50M', 'KAT03', 'SUB24', 'Meter / Rol', 50, NULL, '2020-12-02 13:10:02', '2020-12-02 13:10:02'),
	('BRG0350', 'EXTRANA NYY 4 X 25 @ 200M', 'KAT03', 'SUB24', 'Meter / Rol', 200, NULL, '2020-12-02 13:10:02', '2020-12-02 13:10:02'),
	('BRG0351', 'EXTRANA NYY 4 X 4 @ 300 M', 'KAT03', 'SUB24', 'Meter / Rol', 300, NULL, '2020-12-02 13:10:02', '2020-12-02 13:10:02'),
	('BRG0352', 'EXTRANA NYY 4 X 4 @ 400M', 'KAT03', 'SUB24', 'Meter / Rol', 400, NULL, '2020-12-02 13:10:02', '2020-12-02 13:10:02'),
	('BRG0353', 'EXTRANA NYY 4 X 4 @ 50 M', 'KAT03', 'SUB24', 'Meter / Rol', 50, NULL, '2020-12-02 13:10:02', '2020-12-02 13:10:02'),
	('BRG0354', 'EXTRANA NYY 4 X 4 @ 500 M', 'KAT03', 'SUB24', 'Meter / Rol', 500, NULL, '2020-12-02 13:10:02', '2020-12-02 13:10:02'),
	('BRG0355', 'EXTRANA NYY 4 X 6 @100M', 'KAT03', 'SUB24', 'Meter / Rol', 100, NULL, '2020-12-02 13:10:02', '2020-12-02 13:10:02'),
	('BRG0356', 'EXTRANA NYY 4 X 6 @50M', 'KAT03', 'SUB24', 'Meter / Rol', 50, NULL, '2020-12-02 13:10:02', '2020-12-02 13:10:02'),
	('BRG0357', 'EXTRANA NYY 4X10 @ 50M HITAM', 'KAT03', 'SUB24', 'Meter / Rol', 50, NULL, '2020-12-02 13:10:02', '2020-12-02 13:10:02'),
	('BRG0358', 'EXTRANA NYY 4X10@500M', 'KAT03', 'SUB24', 'Meter / Rol', 500, NULL, '2020-12-02 13:10:02', '2020-12-02 13:10:02'),
	('BRG0359', 'EXTRANA NYY 4X6 @ 300M', 'KAT03', 'SUB24', 'Meter / Rol', 300, NULL, '2020-12-02 13:10:02', '2020-12-02 13:10:02'),
	('BRG0360', 'EXTRANA NYY 4X6@1000M', 'KAT03', 'SUB24', 'Meter / Rol', 1000, NULL, '2020-12-02 13:10:02', '2020-12-02 13:10:02'),
	('BRG0361', 'EXTRANA NYYHY 2X0.75@50M (HTM)', 'KAT03', 'SUB24', 'Meter / Rol', 50, NULL, '2020-12-02 13:10:02', '2020-12-02 13:10:02'),
	('BRG0362', 'EXTRANA NYYHY 2X1.5@50M (HTM)', 'KAT03', 'SUB24', 'Meter / Rol', 50, NULL, '2020-12-02 13:10:02', '2020-12-02 13:10:02'),
	('BRG0363', 'EXTRANA NYYHY 2X2.5@50M', 'KAT03', 'SUB24', 'Meter / Rol', 50, NULL, '2020-12-02 13:10:02', '2020-12-02 13:10:02'),
	('BRG0364', 'EXTRANA NYYHY 3X0.75@50M (HTM)', 'KAT03', 'SUB24', 'Meter / Rol', 50, NULL, '2020-12-02 13:10:02', '2020-12-02 13:10:02'),
	('BRG0365', 'EXTRANA NYYHY 3X2.5@50M', 'KAT03', 'SUB24', 'Meter / Rol', 50, NULL, '2020-12-02 13:10:02', '2020-12-02 13:10:02'),
	('BRG0366', 'EXTRANA NYYHY 4X0.75@50M (HTM)', 'KAT03', 'SUB24', 'Meter / Rol', 50, NULL, '2020-12-02 13:10:02', '2020-12-02 13:10:02'),
	('BRG0367', 'EXTRANA NYYHY 4X2.5@50M', 'KAT03', 'SUB24', 'Meter / Rol', 50, NULL, '2020-12-02 13:10:02', '2020-12-02 13:10:02'),
	('BRG0368', 'EXTRANA NYYHY 4X4 @100 M', 'KAT03', 'SUB24', 'Meter / Rol', 100, NULL, '2020-12-02 13:10:02', '2020-12-02 13:10:02'),
	('BRG0369', 'EXTRANA NYYHY 4X4 @50M', 'KAT03', 'SUB24', 'Meter / Rol', 50, NULL, '2020-12-02 13:10:02', '2020-12-02 13:10:02'),
	('BRG0370', 'Tes Server', 'KAT07', 'SUB28', 'Pcs / Dus', 1, NULL, '2020-12-16 00:34:33', '2020-12-16 00:34:33');
/*!40000 ALTER TABLE `barang` ENABLE KEYS */;

-- Dumping structure for table cahayaprima.barangmasuk
CREATE TABLE IF NOT EXISTS `barangmasuk` (
  `id` varchar(255) COLLATE utf8mb4_unicode_ci NOT NULL,
  `id_faktur` varchar(255) COLLATE utf8mb4_unicode_ci NOT NULL,
  `tanggal` date NOT NULL,
  `total` int(20) NOT NULL,
  `id_gudang` varchar(50) COLLATE utf8mb4_unicode_ci NOT NULL,
  `id_supplier` varchar(255) COLLATE utf8mb4_unicode_ci NOT NULL,
  `status` varchar(50) COLLATE utf8mb4_unicode_ci NOT NULL,
  `diskon` varchar(2) COLLATE utf8mb4_unicode_ci NOT NULL,
  `id_user` varchar(50) COLLATE utf8mb4_unicode_ci NOT NULL,
  `deleted_at` timestamp NULL DEFAULT NULL,
  `created_at` timestamp NULL DEFAULT NULL,
  `updated_at` timestamp NULL DEFAULT NULL,
  PRIMARY KEY (`id`)
) ENGINE=InnoDB DEFAULT CHARSET=utf8mb4 COLLATE=utf8mb4_unicode_ci;

-- Dumping data for table cahayaprima.barangmasuk: ~16 rows (approximately)
/*!40000 ALTER TABLE `barangmasuk` DISABLE KEYS */;
INSERT INTO `barangmasuk` (`id`, `id_faktur`, `tanggal`, `total`, `id_gudang`, `id_supplier`, `status`, `diskon`, `id_user`, `deleted_at`, `created_at`, `updated_at`) VALUES
	('BM0001', 'FAK001', '2020-10-04', 26937870, 'GDG01', 'SUP001', 'LENGKAP', 'T', '1', NULL, '2020-10-04 17:09:23', '2020-12-04 23:21:45'),
	('BM0002', 'FAK002', '2020-10-09', 15200000, 'GDG01', 'SUP002', 'LENGKAP', 'T', '1', NULL, '2020-10-09 17:10:29', '2020-12-05 19:15:29'),
	('BM0003', 'FAK003', '2020-10-14', 10216100, 'GDG01', 'SUP001', 'LENGKAP', 'T', '1', NULL, '2020-10-14 17:10:53', '2020-12-04 23:19:51'),
	('BM0004', 'FAK004', '2020-10-14', 17352000, 'GDG02', 'SUP002', 'LENGKAP', 'T', '1', NULL, '2020-10-14 17:11:13', '2020-12-04 23:18:45'),
	('BM0005', 'FAK004', '2020-10-14', 15112000, 'GDG02', 'SUP002', 'LENGKAP', 'T', '1', NULL, '2020-10-14 17:11:38', '2020-12-04 23:18:45'),
	('BM0007', 'FAK006', '2020-10-25', 13092450, 'GDG02', 'SUP004', 'LENGKAP', 'T', '1', NULL, '2020-10-25 17:13:46', '2020-12-04 23:25:49'),
	('BM0008', 'FAK007', '2020-11-02', 17197500, 'GDG01', 'SUP005', 'LENGKAP', 'T', '1', NULL, '2020-11-02 17:14:25', '2020-11-02 18:09:11'),
	('BM0009', 'FAK008', '2020-11-05', 8708700, 'GDG03', 'SUP001', 'LENGKAP', 'T', '1', NULL, '2020-11-05 17:14:59', '2020-12-04 23:21:00'),
	('BM0010', 'FAK008', '2020-11-05', 16001040, 'GDG03', 'SUP001', 'LENGKAP', 'T', '1', NULL, '2020-11-05 17:15:43', '2020-12-04 23:21:01'),
	('BM0011', 'FAK009', '2020-11-11', 8550000, 'GDG03', 'SUP002', 'LENGKAP', 'T', '1', NULL, '2020-11-11 17:16:41', '2020-11-11 18:09:46'),
	('BM0012', 'FAK009', '2020-11-11', 4832460, 'GDG03', 'SUP002', 'LENGKAP', 'T', '1', NULL, '2020-11-11 17:17:01', '2020-11-11 18:09:46'),
	('BM0013', 'FAK010', '2020-11-20', 22500000, 'GDG01', 'SUP002', 'INPUT', 'F', '1', NULL, '2020-11-20 17:27:22', '2020-11-20 17:27:22'),
	('BM0014', 'FAK011', '2020-11-22', 27600000, 'GDG01', 'SUP003', 'INPUT', 'F', '1', NULL, '2020-11-22 17:27:49', '2020-11-22 17:27:49'),
	('BM0015', 'FAK012', '2020-12-04', 21804480, 'GDG02', 'SUP004', 'LENGKAP', 'T', '1', NULL, '2020-12-04 17:28:27', '2020-12-05 19:16:43'),
	('BM0016', 'FAK012', '2020-12-04', 11696400, 'GDG02', 'SUP004', 'LENGKAP', 'T', '1', NULL, '2020-12-04 17:29:16', '2020-12-05 19:16:43'),
	('BM0017', 'KR01', '2020-12-10', 1500000, 'GDG01', 'SUP001', 'CETAK', 'F', '1', NULL, '2020-12-10 15:04:05', '2020-12-10 15:04:05'),
	('BM0018', 'TES-001', '2020-12-16', 1500000, 'GDG01', 'SUP002', 'INPUT', 'F', '1', NULL, '2020-12-16 00:55:11', '2020-12-16 00:55:11');
/*!40000 ALTER TABLE `barangmasuk` ENABLE KEYS */;

-- Dumping structure for table cahayaprima.customer
CREATE TABLE IF NOT EXISTS `customer` (
  `id` varchar(20) COLLATE utf8mb4_unicode_ci NOT NULL DEFAULT '',
  `nama` varchar(255) COLLATE utf8mb4_unicode_ci NOT NULL,
  `alamat` varchar(255) COLLATE utf8mb4_unicode_ci DEFAULT NULL,
  `telepon` varchar(255) COLLATE utf8mb4_unicode_ci DEFAULT NULL,
  `contact_person` varchar(255) COLLATE utf8mb4_unicode_ci DEFAULT NULL,
  `npwp` varchar(255) COLLATE utf8mb4_unicode_ci DEFAULT '-',
  `limit` int(11) NOT NULL,
  `id_sales` varchar(255) COLLATE utf8mb4_unicode_ci NOT NULL,
  `deleted_at` timestamp NULL DEFAULT NULL,
  `created_at` timestamp NULL DEFAULT NULL,
  `updated_at` timestamp NULL DEFAULT NULL,
  PRIMARY KEY (`id`)
) ENGINE=InnoDB DEFAULT CHARSET=utf8mb4 COLLATE=utf8mb4_unicode_ci;

-- Dumping data for table cahayaprima.customer: ~957 rows (approximately)
/*!40000 ALTER TABLE `customer` DISABLE KEYS */;
INSERT INTO `customer` (`id`, `nama`, `alamat`, `telepon`, `contact_person`, `npwp`, `limit`, `id_sales`, `deleted_at`, `created_at`, `updated_at`) VALUES
	('CUS00001', 'PD Zulaika Pudjiastuti', 'Gg. Sudiarto No. 925, Medan 63969, MalUt', '0587-7387-5287', 'Oke', '36993193019301', 100000000, 'SLS03', NULL, '2020-11-23 16:26:08', '2020-11-23 19:23:59'),
	('CUS00002', 'UD Hartati Hasanah', 'Jl Siliwangi No 34, Pamulang, Tangsel, 15417', '0812-1234-2753', 'Kariman', '-', 150000000, 'SLS02', NULL, '2020-11-23 16:26:15', '2020-11-23 19:27:24'),
	('CUS00003', 'PD Widiastuti', 'Kpg. Rajawali Barat No. 298, Sukabumi 63110, KalSel', '0857-9087-7654', 'Rina', '483919319391', 200000000, 'SLS03', NULL, '2020-11-23 16:26:29', '2020-11-23 19:25:44'),
	('CUS00004', 'UD Kuswandari', 'Gg. Badak No. 599, Bitung 83777, DKI', '0293-5652-440', 'Wage', '-', 300000000, 'SLS02', NULL, NULL, '2020-11-23 19:23:06'),
	('CUS00005', 'CV Maryadi Yulianti', 'Ds. Banceng Pondok No. 967, Solok 45946, KepR', '0820-7085-345', 'Anita', '-', 100000000, 'SLS01', NULL, NULL, '2020-11-23 19:23:06'),
	('CUS0001', '28 PISANGAN', 'Jl Mugeni 1  ', '', '', '', 0, 'SLS08', NULL, '2020-11-23 16:26:25', '2020-11-23 16:26:25'),
	('CUS0002', '88 ELEKTRIK', 'Plumpang Jakarta  ', '', '', '', 0, 'SLS04', NULL, '2020-11-23 16:26:25', '2020-11-23 16:26:25'),
	('CUS0003', 'A NUR ELEKTRIK', 'Kenari Mas F2 No. H92  ', '0812-1308-5922', '', '', 0, 'SLS01', NULL, '2020-11-23 16:26:25', '2020-11-23 19:23:05'),
	('CUS0004', 'A. CAHAYA ELEKTRIK', 'Jakarta  ', '', '', '', 0, 'SLS11', NULL, '2020-11-23 16:26:25', '2020-11-23 16:26:25'),
	('CUS0005', 'ABADI COOL', 'Pademangan  ', '', '', '', 0, 'SLS04', NULL, '2020-11-23 16:26:25', '2020-11-23 16:26:25'),
	('CUS0006', 'ABADI JAYA', 'Utan Jati - Jakbar  ', '', '', '', 0, 'SLS13', NULL, '2020-11-23 16:26:25', '2020-11-23 16:26:25'),
	('CUS0007', 'ABINET KOMPUTER', 'Kenari Mas Lt. 2 Blok H- 047 ', '0812-8622-9425', '', '', 0, 'SLS01', NULL, '2020-11-23 16:26:25', '2020-11-23 19:23:05'),
	('CUS0008', 'ADE W', 'Jl. Indokarya 3 Blok F No. 1-2 Jakarta Utara Jl. Indokarya 3 Blok F No. 1-2 Jakarta Utara', '', '', '', 0, 'SLS14', NULL, '2020-11-23 16:26:25', '2020-11-23 16:26:25'),
	('CUS0009', 'ADEL INDAH', 'Kenari  ', '', '', '', 0, 'SLS01', NULL, '2020-11-23 16:26:25', '2020-11-23 16:26:25'),
	('CUS0010', 'ADI', 'Jl Ciledug  ', '', '', '', 0, 'SLS14', NULL, '2020-11-23 16:26:25', '2020-11-23 16:26:25'),
	('CUS0011', 'ADI JAYA PANEL', 'Kenari Mas Lt. LG Blok B No 122 ', '021-398-42754', '', '', 0, 'SLS01', NULL, '2020-11-23 16:26:25', '2020-11-23 19:23:05'),
	('CUS0012', 'ADJUBA', 'Kenari Mas Lt 1  ', '', '', '', 0, 'SLS01', NULL, '2020-11-23 16:26:25', '2020-11-23 16:26:25'),
	('CUS0013', 'AFONG', 'Jakarta  ', '', '', '', 0, 'SLS14', NULL, '2020-11-23 16:26:25', '2020-11-23 16:26:25'),
	('CUS0014', 'AGUNG ELEKTRIK', 'Jl. Raya Hankam No 30A Jati Melati - Pd, Gede Bekasi', '0813-8116-7311', '', '', 0, 'SLS16', NULL, '2020-11-23 16:26:25', '2020-11-23 19:23:05'),
	('CUS0015', 'AGUNG JAYA', 'Kenari Baru Blok D No 11 ', '021-391-4473', '', '', 0, 'SLS01', NULL, '2020-11-23 16:26:25', '2020-11-23 19:23:05'),
	('CUS0016', 'AGUNG JAYA', 'Kenari Mas Blok LG B No. 186 ', '', '', '', 0, 'SLS01', NULL, '2020-11-23 16:26:25', '2020-11-23 16:26:25'),
	('CUS0017', 'AGUNG JAYA 1', 'Jl. Lapangan Tembak No. 2 Sebelum RSko RS. Ketergantungan Obat', '', '', '', 0, 'SLS14', NULL, '2020-11-23 16:26:25', '2020-11-23 16:26:25'),
	('CUS0018', 'AGUNG LISTRIK', 'Jl. Ir. Juanda - Bekasi  ', '021-882-7611', '', '', 0, 'SLS14', NULL, '2020-11-23 16:26:25', '2020-11-23 19:23:06'),
	('CUS0019', 'AIP', '  ', '0822-4664-9986', '', '', 0, 'SLS14', NULL, '2020-11-23 16:26:25', '2020-11-23 19:23:06'),
	('CUS0020', 'AJI TL', '  ', '', '', '', 0, 'SLS14', NULL, '2020-11-23 16:26:25', '2020-11-23 16:26:25'),
	('CUS0021', 'AK ELEKTRIK', 'Kenari Baru  ', '0813-1061-6667', '', '', 0, 'SLS01', NULL, '2020-11-23 16:26:25', '2020-11-23 19:23:06'),
	('CUS0022', 'AKONG LISTRIK', 'Jl. Kemang Raya No. 41 Bogor - Jawa Barat ', '0251-7543-537', '', '', 0, 'SLS04', NULL, '2020-11-23 16:26:25', '2020-11-23 19:23:06'),
	('CUS0023', 'AKSA', 'Jl. Raya Rempoa No. 45 Ciputat ', '0888-0874-5857', '', '', 0, 'SLS12', NULL, '2020-11-23 16:26:25', '2020-11-23 19:23:06'),
	('CUS0024', 'ALAM JAYA', 'Jl. Drompol No. 15 Kampung Ambon - Bel Ps. Ampera Jaktim', '0813-8961-4561', '', '', 0, 'SLS13', NULL, '2020-11-23 16:26:25', '2020-11-23 19:23:06'),
	('CUS0025', 'ALEX', 'Jakarta  ', '', '', '', 0, 'SLS01', NULL, '2020-11-23 16:26:25', '2020-11-23 16:26:25'),
	('CUS0026', 'ALFA ELEKTRIC', 'Jl. Irigasi Sipon  RT.003 /004 No. 64 - Cipondoh ', '0812-8463-9779', '', '', 0, 'SLS14', NULL, '2020-11-23 16:26:25', '2020-11-23 19:23:06'),
	('CUS0027', 'ALI', 'Rajawali  ', '', '', '', 50000000, 'SLS14', NULL, '2020-11-23 16:26:25', '2020-11-23 16:26:25'),
	('CUS0028', 'ALIF', 'Jl Muncang Jakarta Utara  ', '', '', '', 0, 'SLS04', NULL, '2020-11-23 16:26:25', '2020-11-23 16:26:25'),
	('CUS0029', 'ALIKA', 'Kenari Mas Lt 1 Blok F No. 81  ', '021-398-45985', '', '', 0, 'SLS01', NULL, '2020-11-23 16:26:25', '2020-11-23 19:23:06'),
	('CUS0030', 'AMING', '', '', '', '', 0, 'SLS11', NULL, '2020-11-23 16:26:25', '2020-11-23 16:26:25'),
	('CUS0031', 'ANDALAN CEMERLANG', 'Kenari Fe II No62  ', '0812-1000-892', '', '', 0, 'SLS01', NULL, '2020-11-23 16:26:25', '2020-11-23 19:23:06'),
	('CUS0032', 'ANDALAS', 'Pulo Gadung  ', '021-362-73412', '', '', 0, 'SLS03', NULL, '2020-11-23 16:26:25', '2020-11-23 19:23:06'),
	('CUS0033', 'ANDI ELEKTRIK', 'Jl Marunda Makmur 77A  ', '', '', '', 0, 'SLS09', NULL, '2020-11-23 16:26:25', '2020-11-23 16:26:25'),
	('CUS0034', 'ANEKA CIPTA', 'Jl Perumnas Klender  ', '', '', '', 0, 'SLS04', NULL, '2020-11-23 16:26:25', '2020-11-23 16:26:25'),
	('CUS0035', 'ANEKA ELEKTRONIK', 'Pasar Puri Indah Blok K19 Kembangan - Jakarta Barat ', '0899-4573-140', '', '', 0, 'SLS14', NULL, '2020-11-23 16:26:25', '2020-11-23 19:23:06'),
	('CUS0036', 'ANEKA ELEKTRONIK', 'Jl. Ruko Bsd Sektor IV RF No 32 Jakarta ', '021-537-0184', '', '', 0, 'SLS04', NULL, '2020-11-23 16:26:25', '2020-11-23 19:23:06'),
	('CUS0037', 'ANEKA HARDWARE', 'Jl. Raya Gandul No. 1 Cinere - Depok', '021-753-6119', '-', '-', 0, 'SLS12', NULL, '2020-11-23 16:26:25', '2020-11-23 19:28:23'),
	('CUS0038', 'ANEKA JAYA', 'Kenari Mas Lt 1 Blk F1 33A  ', '', '', '', 0, 'SLS01', NULL, '2020-11-23 16:26:25', '2020-11-23 16:26:25'),
	('CUS0039', 'ANEKA JAYA', 'Jl Tebet  ', '', '', '', 0, 'SLS04', NULL, '2020-11-23 16:26:25', '2020-11-23 16:26:25'),
	('CUS0040', 'ANEKA JAYA MAKMUR', 'Jakarta  ', '', '', '', 0, 'SLS10', NULL, '2020-11-23 16:26:25', '2020-11-23 16:26:25'),
	('CUS0041', 'ANEKA LISTRIK', 'Kompl Perum Banjar Wijaya Blk A 29 No 6 Jl Hasyim Ashari', '0816-1919-605', '', '', 0, 'SLS04', NULL, '2020-11-23 16:26:25', '2020-11-23 19:23:06'),
	('CUS0042', 'ANEKA LISTRIK', 'Jl. Balap Sepeda No. 7 Rawamangun ', '021-471-1288', '', '', 0, 'SLS16', NULL, '2020-11-23 16:26:25', '2020-11-23 19:23:06'),
	('CUS0043', 'ANEKA SINAR LISTRIK (S.WAHANA)', 'Kenari Mas Lt. 3  Blok J1 No 51 ', '', '', '', 0, 'SLS01', NULL, '2020-11-23 16:26:25', '2020-11-23 16:26:25'),
	('CUS0044', 'ANEKA USAHA', 'Jl Tuparep No 245  ', '', '', '', 0, 'SLS04', NULL, '2020-11-23 16:26:25', '2020-11-23 16:26:25'),
	('CUS0045', 'ANUGERAH ELECTRIC', 'Kenari Mas Lt. F2 Blok GC5 / GC6 ', '', '', '', 0, 'SLS01', NULL, '2020-11-23 16:26:25', '2020-11-23 16:26:25'),
	('CUS0046', 'ANUGERAH LISTRIK', 'Jl. Tumenggung Wiradireja RT 06 / 05 Tanah Baru Bogor Utara', '0813-9823-4375', '', '', 0, 'SLS04', NULL, '2020-11-23 16:26:25', '2020-11-23 19:23:06'),
	('CUS0047', 'ANUGERAH TEKNIK', 'Kenari Mas  ', '021-398-41986', '', '', 0, 'SLS01', NULL, '2020-11-23 16:26:25', '2020-11-23 19:23:06'),
	('CUS0048', 'ANUGRAH DEWATA', 'Jl Pasar Jatinegara Lama  ', '', '', '', 0, 'SLS08', NULL, '2020-11-23 16:26:25', '2020-11-23 16:26:25'),
	('CUS0049', 'ANUGRAH SINAR', 'Taman Rahayu 1 D2 No. 10 Bandung ', '', '', '', 0, 'SLS13', NULL, '2020-11-23 16:26:25', '2020-11-23 16:26:25'),
	('CUS0050', 'ANUGRAH TEKNIK', 'Kenari Baru Blok A No. 6 ', '021-315-8133', '', '', 0, 'SLS01', NULL, '2020-11-23 16:26:25', '2020-11-23 19:23:06'),
	('CUS0051', 'ARCO ELEKTRIK', 'Jl. Arco Raya Kampung Raga Mukti RT 2/1 No 32 Citayam - Tjg Halang Bogor', '0813-5561-984', '', '', 0, 'SLS12', NULL, '2020-11-23 16:26:25', '2020-11-23 19:23:06'),
	('CUS0052', 'ARHENT ELETRIC', 'Jl. Kodam Bintaro Kebon Kopi No. 7B Pondok Betung - Pondok Aren', '', '', '', 0, 'SLS04', NULL, '2020-11-23 16:26:25', '2020-11-23 16:26:25'),
	('CUS0053', 'ARIF JAYA', 'Jl Masjid Al Amin Kramat Jati  ', '', '', '', 0, 'SLS08', NULL, '2020-11-23 16:26:25', '2020-11-23 16:26:25'),
	('CUS0054', 'ARLIA', 'Cempaka Wangi  ', '', '', '', 0, 'SLS07', NULL, '2020-11-23 16:26:25', '2020-11-23 16:26:25'),
	('CUS0055', 'ARMA JAYA', 'Jl. Cempaka Raya  ', '', '', '', 0, 'SLS08', NULL, '2020-11-23 16:26:25', '2020-11-23 16:26:25'),
	('CUS0056', 'ARTOMORO', 'Paseban Jks No 026 ( Samping Teknik Mandiri ) ', '021-391-6998', '', '', 0, 'SLS01', NULL, '2020-11-23 16:26:25', '2020-11-23 19:23:07'),
	('CUS0057', 'ASEAN PANEL', 'Kenari Mas LG  ', '021-319-07933', '', '', 0, 'SLS01', NULL, '2020-11-23 16:26:25', '2020-11-23 19:23:07'),
	('CUS0058', 'ASENG', 'Jl Cijantung  ', '', '', '', 0, 'SLS01', NULL, '2020-11-23 16:26:25', '2020-11-23 16:26:25'),
	('CUS0059', 'ASHOP', 'Jakarta  ', '', '', '', 0, 'SLS09', NULL, '2020-11-23 16:26:25', '2020-11-23 16:26:25'),
	('CUS0060', 'ASRI JAYA', 'Jl. Suhut Hidayat Sukamaju Warung Bambu - Karawang Timur ', '0813-8008-1418', '', '', 0, 'SLS14', NULL, '2020-11-23 16:26:25', '2020-11-23 19:23:07'),
	('CUS0061', 'AURORA', 'Kenari Aks Lt. I / 127  ', '', '', '', 0, 'SLS01', NULL, '2020-11-23 16:26:25', '2020-11-23 16:26:25'),
	('CUS0062', 'AYU ELEKTRIK', 'Jl. Raya Rempoa No. 46 Samping Rm Padang Citra Sari ', '', '', '', 0, 'SLS12', NULL, '2020-11-23 16:26:25', '2020-11-23 16:26:25'),
	('CUS0063', 'BABA JAYA', 'Jl. Mujair Raya 48 Ps. Minggu - Jaksel ', '', '', '', 0, 'SLS02', NULL, '2020-11-23 16:26:25', '2020-11-23 16:26:25'),
	('CUS0064', 'BAGUS ELECTRINDO', 'Kenari Mas / F2 G12-15  ', '', '', '', 0, 'SLS01', NULL, '2020-11-23 16:26:25', '2020-11-23 16:26:25'),
	('CUS0065', 'BAHAGIA JAYA', 'Kapuk  ', '', '', '', 0, 'SLS01', NULL, '2020-11-23 16:26:25', '2020-11-23 16:26:25'),
	('CUS0066', 'BANGUN JAYA', 'Kenari Aks Lt. I No. 35 ', '', '', '', 0, 'SLS01', NULL, '2020-11-23 16:26:25', '2020-11-23 16:26:25'),
	('CUS0067', 'BANYU URIP SUKSES', 'Kenari Lt 1 Aks 152  ', '021-319-25365', '', '', 0, 'SLS01', NULL, '2020-11-23 16:26:25', '2020-11-23 19:23:07'),
	('CUS0068', 'BAPAK PAULUS', 'Perum Bumi Mutiara Blk Jb 3 No 11 Bojong Kulur ', '021-557-51240', '', '', 0, 'SLS03', NULL, '2020-11-23 16:26:25', '2020-11-23 19:23:07'),
	('CUS0069', 'BAROKAH ELEKTRIK', 'Abdul Wahab Sawangan . Depok ', '0857-1785-8900', '', '', 0, 'SLS04', NULL, '2020-11-23 16:26:25', '2020-11-23 19:23:07'),
	('CUS0070', 'BARU JAYA', 'Jl Melati Tugu No 2 Tj. Priok  ', '', '', '', 0, 'SLS09', NULL, '2020-11-23 16:26:25', '2020-11-23 16:26:25'),
	('CUS0071', 'BARU JAYA 99 SERANG', 'Jl. Kh Abdul Latif Ps. Rau No 47 C - Serang ', '021-542-20383', '', '', 0, 'SLS04', NULL, '2020-11-23 16:26:25', '2020-11-23 19:23:07'),
	('CUS0072', 'BENUA BARU SAWANGAN', 'Jl. Abdul Wahab Dpn Perum Permata Sawangan Residents', '0812-1061-7338', '', '', 0, 'SLS04', NULL, '2020-11-23 16:26:25', '2020-11-23 19:23:07'),
	('CUS0073', 'BERKAH', 'Kenari Mas  ', '0852-1811-3623', '', '', 0, 'SLS01', NULL, '2020-11-23 16:26:25', '2020-11-23 19:23:07'),
	('CUS0074', 'BERKAH', 'Jakarta  ', '', '', '', 0, 'SLS06', NULL, '2020-11-23 16:26:25', '2020-11-23 16:26:25'),
	('CUS0075', 'BERKAH ABADI', 'Jl. Anggrek V Belakang Perbanas Setiabudi ', '', '', '', 0, 'SLS04', NULL, '2020-11-23 16:26:25', '2020-11-23 16:26:25'),
	('CUS0076', 'BERKAH JAYA JOGJA', 'Jl. Nyi Adisoro No. 15 ( Belakang Msjid Nurul Huda ) Sambirejo  -  Kotagede - Yogya', '', '', '', 0, 'SLS13', NULL, '2020-11-23 16:26:25', '2020-11-23 16:26:25'),
	('CUS0077', 'BERKAT 9', 'Kenari Mas Lt. 2 Blok G No. 58 ', '', '', '', 0, 'SLS01', NULL, '2020-11-23 16:26:25', '2020-11-23 16:26:25'),
	('CUS0078', 'BERKAT JAYA', 'Johar Baru  ', '', '', '', 0, 'SLS05', NULL, '2020-11-23 16:26:25', '2020-11-23 16:26:25'),
	('CUS0079', 'BERKAT JAYA LISTRIK', 'Kenari Mas Lantai F3 Blok J No. 18 ', '021-391-4360', '', '', 0, 'SLS01', NULL, '2020-11-23 16:26:25', '2020-11-23 19:23:07'),
	('CUS0080', 'BERKEMBANG', 'Jl Tipar Cakung Depan Toko Bahagia ', '0853-1374-4988', '', '', 0, 'SLS12', NULL, '2020-11-23 16:26:25', '2020-11-23 19:23:07'),
	('CUS0081', 'BERSAMA JAYA', 'Jl Tanah Merdeka  ', '', '', '', 0, 'SLS11', NULL, '2020-11-23 16:26:25', '2020-11-23 16:26:25'),
	('CUS0082', 'BERSAUDARA KEDOYA', 'Jl. Kedoya Raya Blok B No 18  ', '', '', '', 0, 'SLS04', NULL, '2020-11-23 16:26:25', '2020-11-23 16:26:25'),
	('CUS0083', 'BETRAND', 'Taman Hidup Baru Blok 3 No. 82 Pademangan ', '', '', '', 0, 'SLS14', NULL, '2020-11-23 16:26:25', '2020-11-23 16:26:25'),
	('CUS0084', 'BIMA SAKTI', 'Mangga Dua  ', '021-625-7363', '', '', 0, 'SLS14', NULL, '2020-11-23 16:26:25', '2020-11-23 19:23:07'),
	('CUS0085', 'BINA KARYA MANDIRI', 'Jl. Raya Wisma Tajur No,101 Tajur-Ciledug-Tangerang Banten', '021-731-4244', '', '', 0, 'SLS04', NULL, '2020-11-23 16:26:25', '2020-11-23 19:23:07'),
	('CUS0086', 'BINTANG ANUGRAH', 'Jl Cilangkap Ujung  ', '', '', '', 0, 'SLS09', NULL, '2020-11-23 16:26:25', '2020-11-23 16:26:25'),
	('CUS0087', 'BINTANG BARU', 'Kenari Aks No. 51  ', '0812-9752-335', '', '', 0, 'SLS01', NULL, '2020-11-23 16:26:25', '2020-11-23 19:23:07'),
	('CUS0088', 'BINTANG DELAPAN SAUDARA', 'Plaza Kenari Mas Lt. 2 Blok H31-H32 ', '021-299-22161', '', '', 0, 'SLS01', NULL, '2020-11-23 16:26:25', '2020-11-23 19:23:07'),
	('CUS0089', 'BINTANG ELEKTRIK', 'Kenari Mas Lt. GF Blok D No. 123 ', '0812-9384-8384', '', '', 0, 'SLS01', NULL, '2020-11-23 16:26:25', '2020-11-23 19:23:07'),
	('CUS0090', 'BINTANG JAYA', 'Lt. Dasar Aks No. 63  ', '021-239-51042', '', '', 0, 'SLS01', NULL, '2020-11-23 16:26:25', '2020-11-23 19:23:07'),
	('CUS0091', 'BINTANG JAYA', 'Jln Kol Sugiono  ', '', '', '', 0, 'SLS04', NULL, '2020-11-23 16:26:25', '2020-11-23 16:26:25'),
	('CUS0092', 'BINTANG KENARI', 'Kenari Mas Lt. 3 Blok 1 No. 46F ', '', '', '', 0, 'SLS01', NULL, '2020-11-23 16:26:25', '2020-11-23 16:26:25'),
	('CUS0093', 'BINTANG PRIMA', 'Kenari Mas Lt. LG Blok B No. 66-63 ', '021-398-45724', '', '', 0, 'SLS01', NULL, '2020-11-23 16:26:25', '2020-11-23 19:23:07'),
	('CUS0094', 'BINTANG PRIMA ELEKTRIK', 'Jl. Rawa Binong, Lubang Buaya RT05/10 Jakarta Timur ', '0819-0506-2585', '', '', 0, 'SLS04', NULL, '2020-11-23 16:26:25', '2020-11-23 19:23:07'),
	('CUS0095', 'BINTANG TERANG (CIREBON)', 'Jl. Raya Tengah Tani ( Sebrang Pom Bensin Dawuan ) Cirebon', '', '', '', 0, 'SLS03', NULL, '2020-11-23 16:26:25', '2020-11-23 16:26:25'),
	('CUS0096', 'BINTANG TERANG (K.M)', 'Kenari Mas LG Blok C No. 6-7  ', '021-390-9636', '', '', 0, 'SLS01', NULL, '2020-11-23 16:26:25', '2020-11-23 19:23:07'),
	('CUS0097', 'BINTANG TERANG (L.A)', 'Jl Raya Lenteng Agung No 4  ', '021-786-8149', 'Ko Aseng', '', 0, 'SLS14', NULL, '2020-11-23 16:26:25', '2020-11-23 19:23:07'),
	('CUS0098', 'BINTANG TERANG SUNTER', 'Jl.  Mandor Iren Dpn. Alfamart ', '', '', '', 0, 'SLS08', NULL, '2020-11-23 16:26:25', '2020-11-23 16:26:25'),
	('CUS0099', 'BINTANG TIMUR', 'Ltc Glodok ( Koh Aming ) Lt. UG B 12 No 17 ', '0821-8366-3331', '', '', 0, 'SLS14', NULL, '2020-11-23 16:26:25', '2020-11-23 19:23:07'),
	('CUS0100', 'BINTANG TIMUR ELEKTRIK', 'Jl. Gandaria Raya RT.01/02 No. 56 - Psr Rebo - Pekayon Jaktim', '0813-1694-4285', '', '', 0, 'SLS12', NULL, '2020-11-23 16:26:25', '2020-11-23 19:23:07'),
	('CUS0101', 'BMS', 'Kenari Mas Lt.F1 No. 136  ', '021-919-24599', '', '', 0, 'SLS01', NULL, '2020-11-23 16:26:25', '2020-11-23 19:23:07'),
	('CUS0102', 'BORNEO ELEKTRIK', 'Jl. Raya Kemakmuran No. 12 Depok II ', '0813-8586-5984', 'Pak Dany', '', 0, 'SLS12', NULL, '2020-11-23 16:26:25', '2020-11-23 19:23:07'),
	('CUS0103', 'BOY DJUJU', '  ', '', '', '', 0, 'SLS14', NULL, '2020-11-23 16:26:25', '2020-11-23 16:26:25'),
	('CUS0104', 'BP. BB', 'Kelapa Gading Gading Indah Utara 2 Blok NH 2 No. 21', '0812-8084-0448', '', '', 0, 'SLS14', NULL, '2020-11-23 16:26:25', '2020-11-23 19:23:07'),
	('CUS0105', 'BP. JHONI (ABADI JAYA LISTRIK)', 'Jl. Cawang Baru No. 432  ', '021-819-1920', '', '', 0, 'SLS14', NULL, '2020-11-23 16:26:25', '2020-11-23 19:23:07'),
	('CUS0106', 'BPK RONI', 'Jl. Ratna, Cikunir  ', '0812-9120-9821', '', '', 0, 'SLS09', NULL, '2020-11-23 16:26:25', '2020-11-23 19:23:08'),
	('CUS0107', 'BPK. AKHYAR', '', '', '', '', 0, 'SLS01', NULL, '2020-11-23 16:26:25', '2020-11-23 16:26:25'),
	('CUS0108', 'BPK. BB', 'Kelapa Gading Gading Indah Utara  2 Blok NH2 No.21', '0812-8084-0448', '', '', 0, 'SLS01', NULL, '2020-11-23 16:26:25', '2020-11-23 19:23:08'),
	('CUS0109', 'BPK. HANAS', 'Jl Percetakan Negara II No 25  ', '0816-7516-08', '', '', 0, 'SLS02', NULL, '2020-11-23 16:26:25', '2020-11-23 19:23:08'),
	('CUS0110', 'BPK. JOKO (PGI)', '', '', '', '', 0, 'SLS01', NULL, '2020-11-23 16:26:25', '2020-11-23 16:26:25'),
	('CUS0111', 'BRANDON ELEKTRIK', 'Jakarta  ', '', '', '', 0, 'SLS01', NULL, '2020-11-23 16:26:25', '2020-11-23 16:26:25'),
	('CUS0112', 'BU ERNI', 'Jakarta  ', '', '', '', 0, 'SLS11', NULL, '2020-11-23 16:26:25', '2020-11-23 16:26:25'),
	('CUS0113', 'BUANA ELEKTRIK', 'Jl Siliwangi  ', '', '', '', 0, 'SLS04', NULL, '2020-11-23 16:26:25', '2020-11-23 16:26:25'),
	('CUS0114', 'BUNGA', '  ', '', '', '', 0, 'SLS14', NULL, '2020-11-23 16:26:25', '2020-11-23 16:26:25'),
	('CUS0115', 'BUNGA JAYA ELEKTRIK', 'Kenari Mas Lt. LG Blok B No. 158 ', '0812-8129-3188', 'Ega', '', 0, 'SLS01', NULL, '2020-11-23 16:26:25', '2020-11-23 19:23:08'),
	('CUS0116', 'CAHAYA', 'Kenari Aks No 64  ( Sebelah Bintang Jaya )', '021-391-4875', '', '', 0, 'SLS01', NULL, '2020-11-23 16:26:25', '2020-11-23 19:23:08'),
	('CUS0117', 'CAHAYA ABADI', 'Jl. Raya Cipayung RT 01/09 Bulak Timur Jembatan Serong Depok', '0817-1034-43', '', '', 0, 'SLS04', NULL, '2020-11-23 16:26:25', '2020-11-23 19:23:08'),
	('CUS0118', 'CAHAYA ABADI', 'Jl. Kayu Manis Jembatan I Condet Balekembang No, 26 ', '0812-1253-3309', 'Vera', '', 0, 'SLS12', NULL, '2020-11-23 16:26:25', '2020-11-23 19:23:08'),
	('CUS0119', 'CAHAYA AKS', 'Jakarta  ', '', '', '', 0, 'SLS01', NULL, '2020-11-23 16:26:25', '2020-11-23 16:26:25'),
	('CUS0120', 'CAHAYA BARU', 'Jl Letjend Suprapto  ', '021-424-8187', '', '', 0, 'SLS01', NULL, '2020-11-23 16:26:25', '2020-11-23 19:23:08'),
	('CUS0121', 'CAHAYA BERKAH', 'Jl. Raya Kebagusan Ragunan  ', '0812-2712-7234', '', '', 0, 'SLS12', NULL, '2020-11-23 16:26:25', '2020-11-23 19:23:08'),
	('CUS0122', 'CAHAYA BERKAT MAKMUR', 'Jl. Duri Kepa Raya Blok E3  No. 110C - Meruya - Jakpus ', '0856-1111-330', '', '', 0, 'SLS14', NULL, '2020-11-23 16:26:25', '2020-11-23 19:23:08'),
	('CUS0123', 'CAHAYA BERLAN', 'Jakarta  ', '', '', '', 0, 'SLS11', NULL, '2020-11-23 16:26:25', '2020-11-23 16:26:25'),
	('CUS0124', 'CAHAYA BINTANG', 'Jakarta  ', '', '', '', 0, 'SLS06', NULL, '2020-11-23 16:26:25', '2020-11-23 16:26:25'),
	('CUS0125', 'CAHAYA BINTANG', 'Ampera Raya - Cilandak  ', '021-788-37715', '', '', 0, 'SLS14', NULL, '2020-11-23 16:26:25', '2020-11-23 19:23:08'),
	('CUS0126', 'CAHAYA BINTANG MG DUA', 'Ruko Mangga Dua Elok Blok C 22  ', '0812-8829-9328', '', '', 0, 'SLS01', NULL, '2020-11-23 16:26:25', '2020-11-23 19:23:08'),
	('CUS0127', 'CAHAYA BOJONG', 'Jl. Pasar Bojong Lama 24 Taruma Jaya - Bekasi ', '0813-1545-4337', '', '', 0, 'SLS04', NULL, '2020-11-23 16:26:25', '2020-11-23 19:23:08'),
	('CUS0128', 'CAHAYA ELEKTRIC', 'Jl H Mesin Klender  ', '', '', '', 0, 'SLS08', NULL, '2020-11-23 16:26:25', '2020-11-23 16:26:25'),
	('CUS0129', 'CAHAYA ELEKTRIK', 'Kenari Mas Lt. Ground Blok D 87 ', '021-319-02081', '', '', 0, 'SLS01', NULL, '2020-11-23 16:26:25', '2020-11-23 19:23:08'),
	('CUS0130', 'CAHAYA FAJAR', 'Jl Swadaya Raya No 12A Rawa Domba - Duren Sawit ', '', '', '', 0, 'SLS04', NULL, '2020-11-23 16:26:25', '2020-11-23 16:26:25'),
	('CUS0131', 'CAHAYA FAJAR / BP SUYANTO', 'Jl. Citarik Gardu RT 1 /  RW 1 Ds Jati Reja - Cikarang Timur ', '0852-1681-7319', '', '', 0, 'SLS14', NULL, '2020-11-23 16:26:25', '2020-11-23 19:23:08'),
	('CUS0132', 'CAHAYA GEMILANG', 'Kenari Mas Lt. 1 Blok F No. 139 ', '0858-8892-8023', '', '', 0, 'SLS01', NULL, '2020-11-23 16:26:25', '2020-11-23 19:23:08'),
	('CUS0133', 'CAHAYA GEMILANG', 'Mangga Dua Elok Blok B 17  ', '0838-7519-0308', '', '', 0, 'SLS14', NULL, '2020-11-23 16:26:25', '2020-11-23 19:23:08'),
	('CUS0134', 'CAHAYA HARAPAN', 'Kenari Baru Los D 5-6  ', '021-391-4474', '', '', 0, 'SLS01', NULL, '2020-11-23 16:26:25', '2020-11-23 19:23:08'),
	('CUS0135', 'CAHAYA HARAPAN MURNI', 'Jl. Raya Bekasi KM 22 No. 35 D - Cakung Jaktim', '021-461-5589', '', '', 0, 'SLS04', NULL, '2020-11-23 16:26:25', '2020-11-23 19:23:08'),
	('CUS0136', 'CAHAYA KENARI MAS', 'Kenari Mas Lt. LG Blok D 56-57  ', '021-319-04831', '', '', 0, 'SLS01', NULL, '2020-11-23 16:26:25', '2020-11-23 19:23:08'),
	('CUS0137', 'CAHAYA LESTARI', 'Kenari Mas, Lt. Ground D 122 ', '021-319-04562', '', '', 0, 'SLS01', NULL, '2020-11-23 16:26:25', '2020-11-23 19:23:08'),
	('CUS0138', 'CAHAYA LISTRIK', 'Jl. Raya Limo Depok No. 103  ', '0813-8330-5599', '', '', 0, 'SLS12', NULL, '2020-11-23 16:26:25', '2020-11-23 19:23:08'),
	('CUS0139', 'CAHAYA MAKMUR', 'Kenari Mas F1 ', '021-398-45869', '', '', 0, 'SLS01', NULL, '2020-11-23 16:26:25', '2020-11-23 19:23:08'),
	('CUS0140', 'CAHAYA MAKMUR (DPN MORTEN)', 'Kenari Mas Lt. G  ', '', '', '', 0, 'SLS01', NULL, '2020-11-23 16:26:25', '2020-11-23 16:26:25'),
	('CUS0141', 'CAHAYA MAS', 'Mangga Dua  ', '', '', '', 0, 'SLS01', NULL, '2020-11-23 16:26:25', '2020-11-23 16:26:25'),
	('CUS0142', 'CAHAYA MAS ELEKTRIK', 'Kenari Mas Lt. Ground Blok C No 19A ', '021-319-02878', '', '', 0, 'SLS01', NULL, '2020-11-23 16:26:25', '2020-11-23 19:23:08'),
	('CUS0143', 'CAHAYA MEGA INDAH', 'Jl Kali Baru Timur  ', '', '', '', 0, 'SLS09', NULL, '2020-11-23 16:26:25', '2020-11-23 16:26:25'),
	('CUS0144', 'CAHAYA MITRA', 'Kenari Mas Lt. 1 Blok F No. 48 ', '0818-0850-8519', '', '', 0, 'SLS01', NULL, '2020-11-23 16:26:25', '2020-11-23 19:23:08'),
	('CUS0145', 'CAHAYA MITRA ELECTRINDO', 'Kenari Mas Lt. 1 Blok F No. 48 ', '0818-0850-8519', '', '', 0, 'SLS01', NULL, '2020-11-23 16:26:25', '2020-11-23 19:23:08'),
	('CUS0146', 'CAHAYA MULIA LED', 'Kenari Aks  ', '0812-8727-2119', '', '', 0, 'SLS01', NULL, '2020-11-23 16:26:25', '2020-11-23 19:23:08'),
	('CUS0147', 'CAHAYA PASAR BARU', 'Harco Pasar Baru  ', '', '', '', 0, 'SLS01', NULL, '2020-11-23 16:26:25', '2020-11-23 16:26:25'),
	('CUS0148', 'CAHAYA RISKI 2', 'Jl. Kebagusan Raya No. 74 Pasar Minggu ', '0813-8663-9855', '', '', 0, 'SLS12', NULL, '2020-11-23 16:26:25', '2020-11-23 19:23:08'),
	('CUS0149', 'CAHAYA SAKTI', 'Jl Panglima Polim Raya No 82A  ', '021-726-5318', 'Ibu Yana', '', 0, 'SLS14', NULL, '2020-11-23 16:26:25', '2020-11-23 19:23:08'),
	('CUS0150', 'CAHAYA SUNAH ELEKTRIK', 'Kenari Mas F2 No. H118  ', '0812-8316-359', '', '', 0, 'SLS01', NULL, '2020-11-23 16:26:25', '2020-11-23 19:23:09'),
	('CUS0151', 'CAHAYA TEKNIK', 'Tambun  ', '', '', '', 0, 'SLS07', NULL, '2020-11-23 16:26:25', '2020-11-23 16:26:25'),
	('CUS0152', 'CAHAYA TERANG', 'Kenari Mas Lt LG  ', '021-398-41969', '', '', 0, 'SLS01', NULL, '2020-11-23 16:26:25', '2020-11-23 19:23:09'),
	('CUS0153', 'CAHAYA TERANG', 'Kp Rambutan  ', '', '', '', 0, 'SLS06', NULL, '2020-11-23 16:26:25', '2020-11-23 16:26:25'),
	('CUS0154', 'CAHAYA WIDJAYA ELECTRINDO', 'Kenari Mas Lt. F2 Blok H No. 100 ', '0812-1987-2874', '', '', 0, 'SLS01', NULL, '2020-11-23 16:26:25', '2020-11-23 19:23:09'),
	('CUS0155', 'CAKRA GEMILANG', 'Kenari Mas Lantai 2 No. 9  ', '0813-1023-0906', '', '', 0, 'SLS01', NULL, '2020-11-23 16:26:25', '2020-11-23 19:23:09'),
	('CUS0156', 'CAKRA MITRA', 'Kenari Mas Lt. 1 Blok F No. 32  ', '021-314-5281', 'Hartono', '', 0, 'SLS01', NULL, '2020-11-23 16:26:25', '2020-11-23 19:23:09'),
	('CUS0157', 'CAKRAWALA  JAYA PANEL', 'Kenari Mas Lt. LG  Blok B No 188A  ', '0812-9863-9658', 'Afin', '', 0, 'SLS01', NULL, '2020-11-23 16:26:25', '2020-11-23 19:23:09'),
	('CUS0158', 'CASH', 'Jakarta  ', '', '', '', 0, 'SLS01', NULL, '2020-11-23 16:26:25', '2020-11-23 16:26:25'),
	('CUS0159', 'CASH ( ACENG )', '  ', '', '', '', 0, 'SLS14', NULL, '2020-11-23 16:26:25', '2020-11-23 16:26:25'),
	('CUS0160', 'CASH ( EDY )', '  ', '', '', '', 0, 'SLS01', NULL, '2020-11-23 16:26:25', '2020-11-23 16:26:25'),
	('CUS0161', 'CASH ( EKO )', 'Jakarta  ', '', '', '', 0, 'SLS14', NULL, '2020-11-23 16:26:25', '2020-11-23 16:26:25'),
	('CUS0162', 'CASH ( IMAM )', '  ', '', '', '', 0, 'SLS14', NULL, '2020-11-23 16:26:25', '2020-11-23 16:26:25'),
	('CUS0163', 'CASH ( TOM )', 'Jakarta  ', '', '', '', 0, 'SLS14', NULL, '2020-11-23 16:26:25', '2020-11-23 16:26:25'),
	('CUS0164', 'CASH (GEMILANG JAYA)', 'Jakarta  ', '', '', '', 0, 'SLS14', NULL, '2020-11-23 16:26:25', '2020-11-23 16:26:25'),
	('CUS0165', 'CASH (RUDY)', '  ', '', '', '', 0, 'SLS14', NULL, '2020-11-23 16:26:25', '2020-11-23 16:26:25'),
	('CUS0166', 'CASH (TIAN)', '  ', '', '', '', 0, 'SLS14', NULL, '2020-11-23 16:26:25', '2020-11-23 16:26:25'),
	('CUS0167', 'CASH / CC VINA', '  ', '0878-8210-6899', '', '', 0, 'SLS14', NULL, '2020-11-23 16:26:25', '2020-11-23 19:23:09'),
	('CUS0168', 'CASH / RONALD', 'Jakarta  ', '', '', '', 0, 'SLS14', NULL, '2020-11-23 16:26:25', '2020-11-23 16:26:25'),
	('CUS0169', 'CEMERLANG RATNA', 'Jl.Raya Jati Bening Estate ( Dr. Ratna ) No.38C Bekasi', '021-849-97907', '', '', 0, 'SLS04', NULL, '2020-11-23 16:26:25', '2020-11-23 19:23:09'),
	('CUS0170', 'CEN ELEKTRIK', 'Kenari Mas F2 No. 173  ', '0812-9863-975', '', '', 0, 'SLS01', NULL, '2020-11-23 16:26:25', '2020-11-23 19:23:09'),
	('CUS0171', 'CENTRAL  ELEKTRIK', 'Kenari Aks No, 78  ', '', '', '', 0, 'SLS01', NULL, '2020-11-23 16:26:25', '2020-11-23 16:26:25'),
	('CUS0172', 'CENTRAL ELEKTRONIK', 'Jl. Raya Bojongsari No. 22 RT 01/11 ', '0878-0885-4998', '', '', 0, 'SLS04', NULL, '2020-11-23 16:26:25', '2020-11-23 19:23:09'),
	('CUS0173', 'CENTRINDO CETTA NIAGA', 'Rmh Susun Klender 74 Lt 1 No 1 Blkg Carefour Buaran Smpg Kntor Perumnas Regional 3', '', '', '', 0, 'SLS14', NULL, '2020-11-23 16:26:25', '2020-11-23 16:26:25'),
	('CUS0174', 'CINTO MONI', 'Depok  ', '', '', '', 0, 'SLS08', NULL, '2020-11-23 16:26:25', '2020-11-23 16:26:25'),
	('CUS0175', 'CINTOMONI E', 'Depok  ', '', '', '', 0, 'SLS08', NULL, '2020-11-23 16:26:25', '2020-11-23 16:26:25'),
	('CUS0176', 'CIPTA ABADI', 'Kenari Baru Lt. Dasar Blok F No. 6 ', '021-391-4480', 'Rendy', '', 0, 'SLS01', NULL, '2020-11-23 16:26:25', '2020-11-23 19:23:09'),
	('CUS0177', 'CIPTA ABADI ( AKS )', '  ', '', '', '', 0, 'SLS01', NULL, '2020-11-23 16:26:25', '2020-11-23 16:26:25'),
	('CUS0178', 'CIPTA JAYA', 'Ltc Glodok  ', '', '', '', 0, 'SLS14', NULL, '2020-11-23 16:26:25', '2020-11-23 16:26:25'),
	('CUS0179', 'CIPTA JAYA  ELEKTRIK', 'Kenari Baru Lt. Dasar ', '021-315-8124', '', '', 0, 'SLS01', NULL, '2020-11-23 16:26:25', '2020-11-23 19:23:09'),
	('CUS0180', 'CIPTA JAYA ( BP. BAMBANG )', 'Kenari Baru Blok B 17  ', '021-391-4379', '', '', 0, 'SLS01', NULL, '2020-11-23 16:26:25', '2020-11-23 19:23:09'),
	('CUS0181', 'CIPTA JAYA ( TN. ABANG )', 'Jl. Tanah Abang I No. 07 RT 005 / 008 ', '', '', '', 0, 'SLS04', NULL, '2020-11-23 16:26:25', '2020-11-23 16:26:25'),
	('CUS0182', 'CIPTA KARYA ( KENARI BARU )', 'Kenari Baru Blook E No.11 / Dekat Pegadain ', '021-315-8224', '', '', 0, 'SLS01', NULL, '2020-11-23 16:26:25', '2020-11-23 19:23:09'),
	('CUS0183', 'CIPTA KARYA (KENARI MAS)', 'Kenari Mas Lt. LG B 59-60 ', '0815-1028-4371', '', '', 0, 'SLS01', NULL, '2020-11-23 16:26:25', '2020-11-23 19:23:09'),
	('CUS0184', 'CIPTA KARYA ELEKTRIK', 'Kenari Mas Lt.LG No B110-11  ', '0813-7555-519', '', '', 0, 'SLS01', NULL, '2020-11-23 16:26:25', '2020-11-23 19:23:09'),
	('CUS0185', 'CIPTA SARANA TEKNIK', 'Kenari Mas Lt. II Blok H 146 ( Depan BRI ) ', '', '', '', 0, 'SLS01', NULL, '2020-11-23 16:26:25', '2020-11-23 16:26:25'),
	('CUS0186', 'CIPUTRA LAMPU', 'Jl Percetakan Negara Raya No 253C Rawa Sari ', '021-428-72884', '', '', 0, 'SLS14', NULL, '2020-11-23 16:26:25', '2020-11-23 19:23:09'),
	('CUS0187', 'CITRA ABADI', 'Kenari Aks No 19 & 32  ', '021-391-8715', 'Liani', '', 0, 'SLS01', NULL, '2020-11-23 16:26:25', '2020-11-23 19:23:09'),
	('CUS0188', 'CPL', 'Jakarta  ', '', '', '', 0, 'SLS01', NULL, '2020-11-23 16:26:25', '2020-11-23 16:26:25'),
	('CUS0189', 'CPL / JOHAR', '  ', '', '', '', 0, 'SLS14', NULL, '2020-11-23 16:26:25', '2020-11-23 16:26:25'),
	('CUS0190', 'CS LOGAM', 'Kenari Mas Lt. LG Blok B No. 190A ', '021-398-41854', '', '', 0, 'SLS01', NULL, '2020-11-23 16:26:25', '2020-11-23 19:23:09'),
	('CUS0191', 'CV DWI JAYA MANDIRI', 'Grompol RT.017 RW.013 Trosobo Sambi Boyolali - Jawa Tengah Kpp Pratama Boyolali', '', '', '', 0, 'SLS14', NULL, '2020-11-23 16:26:25', '2020-11-23 16:26:25'),
	('CUS0192', 'CV SINERGY GUNA MANDIRI', 'Gd Kenari  Blok Aks Lt 1 No 42  ', '', '', '', 0, 'SLS01', NULL, '2020-11-23 16:26:25', '2020-11-23 16:26:25'),
	('CUS0193', 'CV. RANCAGE', 'Jl Raya Sukabumi KM 14 Ciherang Pondok ', '', '', '', 0, 'SLS04', NULL, '2020-11-23 16:26:25', '2020-11-23 16:26:25'),
	('CUS0194', 'CV.DIMAR ELEKTRIK', 'Jl Raya Puri Gading No 12B Kp-Sawah - Pondok Melati ', '021-844-5888', '', '', 0, 'SLS04', NULL, '2020-11-23 16:26:25', '2020-11-23 19:23:09'),
	('CUS0195', 'DANIEL ELEKTRIK 2', 'Jl. H. Sualaiman - Bedahan Sawangan - Depok ', '0812-2687-2000', '', '', 0, 'SLS04', NULL, '2020-11-23 16:26:25', '2020-11-23 19:23:09'),
	('CUS0196', 'DARWIN ELEKTRIK', 'Jl. Raya Pondok Kopi Ruko Malaka Countri Blok A 2-3 ', '021-861-2698', '', '', 0, 'SLS05', NULL, '2020-11-23 16:26:25', '2020-11-23 19:23:09'),
	('CUS0197', 'DAVID', 'Pademangan  ', '', '', '', 0, 'SLS08', NULL, '2020-11-23 16:26:25', '2020-11-23 16:26:25'),
	('CUS0198', 'DAYA KENCANA', 'Kenari Aks  ', '021-314-4236', '', '', 0, 'SLS01', NULL, '2020-11-23 16:26:25', '2020-11-23 19:23:09'),
	('CUS0199', 'DD BANGUNAN', 'Jakarta  ', '', '', '', 0, 'SLS10', NULL, '2020-11-23 16:26:25', '2020-11-23 16:26:25'),
	('CUS0200', 'DELAPAN BERSAUDARA', 'Kenari Mas Lt. LG Blok Ac No. 21 ', '0818-0836-1131', '', '', 0, 'SLS01', NULL, '2020-11-23 16:26:25', '2020-11-23 19:23:09'),
	('CUS0201', 'DENI ELEKTRIK', 'Jl Kali Sari Raya No54 D Cijantung ', '0813-1815-7891', '', '', 0, 'SLS12', NULL, '2020-11-23 16:26:25', '2020-11-23 19:23:09'),
	('CUS0202', 'DEPO LAMPU', 'Ruko Itc Depok No.25 Jl. Margonda Raya No.56 Depok ', '021-772-14373', '', '', 0, 'SLS14', NULL, '2020-11-23 16:26:25', '2020-11-23 19:23:09'),
	('CUS0203', 'DEPO LISTRIK', 'Kenari Mas  ', '021-398-41964', '', '', 0, 'SLS01', NULL, '2020-11-23 16:26:25', '2020-11-23 19:23:09'),
	('CUS0204', 'DEWI ELEKTRIK', 'Sunter Indah 14 Blok KG2 No 6 RT 007 / 012 Masuk Samping Bank Btn Tmn Sunter Indah', '0821-1699-1978', '-', '-', 0, 'SLS13', NULL, '2020-11-23 16:26:25', '2020-11-23 19:23:09'),
	('CUS0205', 'DIANA ELEKTRIK', 'Jl Pondok Hijau Bekasi Timur  ', '021-981-11772', '', '', 0, 'SLS08', NULL, '2020-11-23 16:26:25', '2020-11-23 19:23:09'),
	('CUS0206', 'DISMA', 'Glodok  ', '', '', '', 0, 'SLS14', NULL, '2020-11-23 16:26:25', '2020-11-23 16:26:25'),
	('CUS0207', 'DITO', '  ', '', '', '', 0, 'SLS14', NULL, '2020-11-23 16:26:25', '2020-11-23 16:26:25'),
	('CUS0208', 'DITO ELEKTRIK', 'Jl Gedung Batu Tengah V No 22 RT. 05 / 05 Ngeplak Simongan ', '024-766-32380', '', '', 0, 'SLS13', NULL, '2020-11-23 16:26:25', '2020-11-23 19:23:10'),
	('CUS0209', 'DJUJU', '  ', '', '', '', 0, 'SLS14', NULL, '2020-11-23 16:26:25', '2020-11-23 16:26:25'),
	('CUS0210', 'DMS', 'Jakarta  ', '', '', '', 0, 'SLS13', NULL, '2020-11-23 16:26:25', '2020-11-23 16:26:25'),
	('CUS0211', 'DMS ELEKTRIK', 'Jl. Raden Sanim Raya  121 Tanah Baru - Depok ', '', '', '', 0, 'SLS04', NULL, '2020-11-23 16:26:25', '2020-11-23 16:26:25'),
	('CUS0212', 'DUA PUTRA INDO SEJAHTERA', 'Kenari Mas Lt. 2  ', '0821-2584-38834', '', '', 0, 'SLS01', NULL, '2020-11-23 16:26:25', '2020-11-23 19:23:10'),
	('CUS0213', 'DUA SAHABAT', 'Jati Asih  ', '0812-8473-2063', '', '', 0, 'SLS09', NULL, '2020-11-23 16:26:25', '2020-11-23 19:23:10'),
	('CUS0214', 'DUA SEKAWAN', 'Pasar Pagi  ', '', '', '', 0, 'SLS14', NULL, '2020-11-23 16:26:25', '2020-11-23 16:26:25'),
	('CUS0215', 'DUA SODARA', 'Jl. Kemang Sari Raya  ', '0813-8212-0130', '', '', 0, 'SLS14', NULL, '2020-11-23 16:26:25', '2020-11-23 19:23:10'),
	('CUS0216', 'DUNIA SPARE PARTS', 'Jln. Bekasi Timur No. 83 Klender - Jaktim ', '021-224-75668', '', '', 0, 'SLS16', NULL, '2020-11-23 16:26:25', '2020-11-23 19:23:10'),
	('CUS0217', 'DUNIA TERANG E', 'Jl Kali Baru  ', '', '', '', 0, 'SLS04', NULL, '2020-11-23 16:26:25', '2020-11-23 16:26:25'),
	('CUS0218', 'DUTA ELEKTRIK', 'Jakarta  ', '021-390-8976', '', '', 0, 'SLS01', NULL, '2020-11-23 16:26:25', '2020-11-23 19:23:10'),
	('CUS0219', 'DUTA PANEL', 'Kenari Aks Lt. 1 No. 193 ', '021-391-2368', '', '', 0, 'SLS01', NULL, '2020-11-23 16:26:25', '2020-11-23 19:23:10'),
	('CUS0220', 'DWI JAYA', 'Kenari Mas F2 No. 41 ', '', '', '', 0, 'SLS01', NULL, '2020-11-23 16:26:25', '2020-11-23 16:26:25'),
	('CUS0221', 'ECO LED LIGHTING', 'Kenari Mas Lt 3 Blok J No 2  ', '0812-8850-0908', '', '', 0, 'SLS01', NULL, '2020-11-23 16:26:25', '2020-11-23 19:23:10'),
	('CUS0222', 'EDISON (PEJAGALAN)', 'Pejagalan  ', '021-691-3949', '', '', 0, 'SLS04', NULL, '2020-11-23 16:26:25', '2020-11-23 19:23:10'),
	('CUS0223', 'EDISON (TANAH PASIR)', 'Jl Tanah Pasir Raya No90  ', '021-662-4417', '', '', 0, 'SLS04', NULL, '2020-11-23 16:26:25', '2020-11-23 19:23:10'),
	('CUS0224', 'EKA JAYA ABADI', 'Kenari Mas Lt. 2 Blok H No 56  ', '0812-2353-4794', '', '', 0, 'SLS01', NULL, '2020-11-23 16:26:25', '2020-11-23 19:23:10'),
	('CUS0225', 'EKA JAYA ELEKTRIK', 'Kenari Mas Lt. LG Blok Bc 002 Depan Lif Barang ', '0821-1638-856', '', '', 0, 'SLS01', NULL, '2020-11-23 16:26:25', '2020-11-23 19:23:10'),
	('CUS0226', 'ELCO', 'Citra Raya, Tangerang  ', '', '', '', 0, 'SLS03', NULL, '2020-11-23 16:26:25', '2020-11-23 16:26:25'),
	('CUS0227', 'ELCO JAYA LIGHTING', 'Kenari Mas Lt 3 Blok J No. 165-66 ', '0812-9363-2888', '', '', 0, 'SLS01', NULL, '2020-11-23 16:26:25', '2020-11-23 19:23:10'),
	('CUS0228', 'ELECTRO', 'H. Ashari Jl. Hasyim Ashari No. 140 ', '', '', '', 0, 'SLS04', NULL, '2020-11-23 16:26:25', '2020-11-23 16:26:25'),
	('CUS0229', 'ELORA KALI MALANG', 'Kali Malang  ', '', '', '', 0, 'SLS14', NULL, '2020-11-23 16:26:25', '2020-11-23 16:26:25'),
	('CUS0230', 'ERA ELEKTRIK', 'Cempaka Mas Ruko Mega Grosir Blok K No. 3 ', '0812-8697-7651', '', '', 0, 'SLS14', NULL, '2020-11-23 16:26:25', '2020-11-23 19:23:10'),
	('CUS0231', 'ERA ELEKTRIK', 'Kenari Aks No.91  ', '021-310-3842', '', '', 0, 'SLS01', NULL, '2020-11-23 16:26:25', '2020-11-23 19:23:10'),
	('CUS0232', 'ERA TEKNIK', 'Plaza Kenari Mas Lt.3 No.91 ', '0812-1174-7574', '', '', 0, 'SLS01', NULL, '2020-11-23 16:26:25', '2020-11-23 19:23:10'),
	('CUS0233', 'ERLANGGA / ALFA BAHAR', 'Jl. Bangka Raya No. 3Ab  ', '', '', '', 0, 'SLS04', NULL, '2020-11-23 16:26:25', '2020-11-23 16:26:25'),
	('CUS0234', 'ERNA', 'Office  ', '', '', '', 0, 'SLS01', NULL, '2020-11-23 16:26:25', '2020-11-23 16:26:25'),
	('CUS0235', 'EVAN', 'Jakarta  ', '', '', '', 0, 'SLS04', NULL, '2020-11-23 16:26:25', '2020-11-23 16:26:25'),
	('CUS0236', 'EVAN', 'Jl Jati Murni Pondok Gede  ', '', '', '', 0, 'SLS09', NULL, '2020-11-23 16:26:25', '2020-11-23 16:26:25'),
	('CUS0237', 'FADJAR LISTRIK', 'Pondok Cabe Ilir 4 No 13 ', '021-740-5310', '', '', 0, 'SLS04', NULL, '2020-11-23 16:26:25', '2020-11-23 19:23:10'),
	('CUS0238', 'FAISAL', 'Jl. Pangkalan Asem Ujung  ', '0815-1418-7786', '', '', 0, 'SLS13', NULL, '2020-11-23 16:26:25', '2020-11-23 19:23:10'),
	('CUS0239', 'FAIZAL ELEKTRIK', 'Jl. Rawa Selatan Raya No.90 Pangkalan Asam Ujung ', '0815-1418-7786', '', '', 0, 'SLS13', NULL, '2020-11-23 16:26:25', '2020-11-23 19:23:10'),
	('CUS0240', 'FAJAR', 'Jl Pasar Bendungan Melayu  ', '', '', '', 0, 'SLS05', NULL, '2020-11-23 16:26:25', '2020-11-23 16:26:25'),
	('CUS0241', 'FAJAR ELEKTRIK', 'Jakarta  ', '', 'Fendy', '', 0, 'SLS01', NULL, '2020-11-23 16:26:25', '2020-11-23 16:26:25'),
	('CUS0242', 'FAJAR JAYA', 'Kenari Aks No. 138 ', '021-390-1424', '', '', 0, 'SLS01', NULL, '2020-11-23 16:26:25', '2020-11-23 19:23:10'),
	('CUS0243', 'FAJAR JAYA PUMP.', 'Jl. Parung Serab No. 7C  ', '', '', '', 0, 'SLS04', NULL, '2020-11-23 16:26:25', '2020-11-23 16:26:25'),
	('CUS0244', 'FAJAR MENTARI', 'Jl. Pahlawan Raya No. 11  ', '0877-8651-7901', '', '', 0, 'SLS14', NULL, '2020-11-23 16:26:25', '2020-11-23 19:23:10'),
	('CUS0245', 'FAJAR PANEL', 'Plaza Kenari Mas Lt. 2 Blok H No. 33 ', '0813-1153-9953', '', '', 0, 'SLS01', NULL, '2020-11-23 16:26:25', '2020-11-23 19:23:10'),
	('CUS0246', 'FAMILY JAYA ELEKTRONIK', 'Jl Taman Naragong Indah Ruko TD 4/5-Bekasi Timur ', '0813-9900-3970', '', '', 0, 'SLS04', NULL, '2020-11-23 16:26:25', '2020-11-23 19:23:10'),
	('CUS0247', 'FAXEL', 'Jl Anggur  ', '', '', '', 0, 'SLS10', NULL, '2020-11-23 16:26:25', '2020-11-23 16:26:25'),
	('CUS0248', 'FERARINDO (KOH ALBERT / OSRAM)', 'Kenari Mas Lt. 2 Blok H No 123-135 ', '021-212-31843', '', '', 0, 'SLS01', NULL, '2020-11-23 16:26:25', '2020-11-23 19:23:10'),
	('CUS0249', 'FIAN JAYA TEKNIK', 'Jl. Letjend Suprapto No. 16 Cempaka Putih - Jakpus ', '0819-0359-4643', '', '', 0, 'SLS14', NULL, '2020-11-23 16:26:25', '2020-11-23 19:23:10'),
	('CUS0250', 'FIKA JAYA', 'Jl.Taruna Jaya Pertigaan Bulak Sereh Abdul Rahman Dpn Indomrt ', '', '', '', 0, 'SLS04', NULL, '2020-11-23 16:26:25', '2020-11-23 16:26:25'),
	('CUS0251', 'FJA', 'Jl Letjen Suprapto  ', '0819-0359-4643', '', '', 0, 'SLS01', NULL, '2020-11-23 16:26:25', '2020-11-23 19:23:10'),
	('CUS0252', 'FRADI MAKMUR JAKARTA', 'Jl. Otista 3 RT 3 RW 4 Cempedak - Jatinegara ', '0822-1337-1187', '', '', 0, 'SLS14', NULL, '2020-11-23 16:26:25', '2020-11-23 19:23:10'),
	('CUS0253', 'GADING MAS', 'Bogor  ', '', '', '', 0, 'SLS03', NULL, '2020-11-23 16:26:25', '2020-11-23 16:26:25'),
	('CUS0254', 'GALAXY', 'Kenari Mas Lt. Dasare Blok D No 112A ', '021-398-42004', '', '', 0, 'SLS01', NULL, '2020-11-23 16:26:25', '2020-11-23 19:23:10'),
	('CUS0255', 'GAMATA', 'Jakarta  ', '', '', '', 0, 'SLS05', NULL, '2020-11-23 16:26:25', '2020-11-23 16:26:25'),
	('CUS0256', 'GARDU LISTRIK', 'Jl Gardu Pondok Gede  ', '', '', '', 0, 'SLS08', NULL, '2020-11-23 16:26:25', '2020-11-23 16:26:25'),
	('CUS0257', 'GEMA ANUGERAH', 'Kenari Mas Lt. LG Blok B No. 182 ', '0812-9014-3949', '', '', 0, 'SLS01', NULL, '2020-11-23 16:26:25', '2020-11-23 19:23:10'),
	('CUS0258', 'GEMILANG ELEKTRIK', 'Kenari Mas Lt. 1 Blok F No. 60 ', '021-398-45844', '', '', 0, 'SLS01', NULL, '2020-11-23 16:26:25', '2020-11-23 19:23:11'),
	('CUS0259', 'GEMILANG SEJAHTERA', 'Jl. Pangkal Pinang No 5 Tanjung Karang-Bandar Lampung ', '0812-7430-34034', '', '', 0, 'SLS14', NULL, '2020-11-23 16:26:25', '2020-11-23 19:23:11'),
	('CUS0260', 'GEMILANG SERANG', 'Jl. Letnan Jidun No. 9A Prapatan Lampu Merah Brimob Serang', '', '', '', 0, 'SLS14', NULL, '2020-11-23 16:26:25', '2020-11-23 16:26:25'),
	('CUS0261', 'GEMS ELECTRIC', 'Kenari  Mas Lt. 2 Blok G No. 8 ', '021-239-51025', '', '', 0, 'SLS01', NULL, '2020-11-23 16:26:25', '2020-11-23 19:23:11'),
	('CUS0262', 'GIAT PRIMA ELEKTRIK', 'Kenari Lama Aks Lt 1/189  ', '0821-1486-1248', '', '', 0, 'SLS01', NULL, '2020-11-23 16:26:25', '2020-11-23 19:23:11'),
	('CUS0263', 'GLOBAL MULTI PART', 'Ruko Harco Teknik Blk G No7-8 Jababeka ', '021-898-3274', '', '', 0, 'SLS04', NULL, '2020-11-23 16:26:25', '2020-11-23 19:23:11'),
	('CUS0264', 'GLOBE ELEKTRIK', 'Perum Jati Jajar Blok Bu No. 3 - Depok ', '021-874-3513', '', '', 0, 'SLS14', NULL, '2020-11-23 16:26:25', '2020-11-23 19:23:11'),
	('CUS0265', 'GLOBE LIGHTING', 'Kenari Baru, Jakarta  ', '021-314-2490', '', '', 0, 'SLS01', NULL, '2020-11-23 16:26:25', '2020-11-23 19:23:11'),
	('CUS0266', 'GLOBE MANDIRI', 'Kenari Lama Lt. 1 Aks 74  ', '021-390-7982', '', '', 0, 'SLS01', NULL, '2020-11-23 16:26:25', '2020-11-23 19:23:11'),
	('CUS0267', 'GLOBE PANEL', 'Kenari Mas  ', '021-293-69725', '', '', 0, 'SLS01', NULL, '2020-11-23 16:26:25', '2020-11-23 19:23:11'),
	('CUS0268', 'GLORIA', 'Kenari Aks  ', '0812-8827-3773', '', '', 0, 'SLS01', NULL, '2020-11-23 16:26:25', '2020-11-23 19:23:11'),
	('CUS0269', 'GLORIA', 'Ruko Pasar Citayam No 11-12  ', '021-879-82144', '', '', 0, 'SLS09', NULL, '2020-11-23 16:26:25', '2020-11-23 19:23:11'),
	('CUS0270', 'GLORY ELEKTRIK', 'Kenari Mas  ', '', '', '', 0, 'SLS01', NULL, '2020-11-23 16:26:25', '2020-11-23 16:26:25'),
	('CUS0271', 'GLORY ELEKTRIK', 'Tangerang  ', '', '', '', 0, 'SLS04', NULL, '2020-11-23 16:26:25', '2020-11-23 16:26:25'),
	('CUS0272', 'GOLAN JAYA', 'Kenari Mas  ', '0857-1631-0363', '', '', 0, 'SLS01', NULL, '2020-11-23 16:26:25', '2020-11-23 19:23:11'),
	('CUS0273', 'GOLDEN ELEKTRIK', 'Kenari Mas Lt.1 Blok F No. 40 ( Panasonic Lighting ) ', '', '', '', 0, 'SLS01', NULL, '2020-11-23 16:26:25', '2020-11-23 16:26:25'),
	('CUS0274', 'GRIYA BARU', 'J. Parakan Raya No 18 Pamulang 2 - Benda Baru Tangsel', '0813-8222-2599', '', '', 0, 'SLS04', NULL, '2020-11-23 16:26:25', '2020-11-23 19:23:11'),
	('CUS0275', 'GUDANG', '  ', '', '', '', 0, 'SLS01', NULL, '2020-11-23 16:26:25', '2020-11-23 16:26:25'),
	('CUS0276', 'GUNAWAN', 'Perum Libersa Mansion Blok A / E No. 18 ', '0812-8040-7129', '', '', 0, 'SLS14', NULL, '2020-11-23 16:26:25', '2020-11-23 19:23:11'),
	('CUS0277', 'GUNTUR ELEKTRIK', 'Ltc Glodok  ', '', '', '', 0, 'SLS14', NULL, '2020-11-23 16:26:25', '2020-11-23 16:26:25'),
	('CUS0278', 'GUNUNG LAWU', 'Kenari Mas Lt. Ground Blok D/119 ', '021-319-04817', '', '', 0, 'SLS01', NULL, '2020-11-23 16:26:25', '2020-11-23 19:23:11'),
	('CUS0279', 'GUNUNG LAWU ( AKS )', 'Kenari II  ', '', '', '', 0, 'SLS01', NULL, '2020-11-23 16:26:25', '2020-11-23 16:26:25'),
	('CUS0280', 'HARAPAN ABADI', 'Jl. Raya Tarumajaya Pisang Btu Arah Ke Pasar Bojong - Bekasi ', '0812-9020-8719', '', '', 0, 'SLS04', NULL, '2020-11-23 16:26:25', '2020-11-23 19:23:11'),
	('CUS0281', 'HARAPAN ABADI', 'Kenari Baru  ', '021-315-8469', '', '', 0, 'SLS01', NULL, '2020-11-23 16:26:25', '2020-11-23 19:23:11'),
	('CUS0282', 'HARAPAN BARU', 'Komplek Cikapundung Electronic  Center (Gedung Baru Cec) Lt.1 Blok Gg 02 - Bandung', '0812-1809-5819', '', '', 0, 'SLS14', NULL, '2020-11-23 16:26:25', '2020-11-23 19:23:11'),
	('CUS0283', 'HARAPAN ELEKTRIK', 'Kenari Mas Lt. F 1 Blok F No. 132 ', '021-293-88479', '', '', 0, 'SLS01', NULL, '2020-11-23 16:26:25', '2020-11-23 19:23:11'),
	('CUS0284', 'HARMONI KALIMALANG', '  ', '0812-1234-27537', '', '', 0, 'SLS11', NULL, '2020-11-23 16:26:25', '2020-11-23 19:23:11'),
	('CUS0285', 'HASIBUAN', 'Jakarta  ', '', '', '', 0, 'SLS11', NULL, '2020-11-23 16:26:25', '2020-11-23 16:26:25'),
	('CUS0286', 'HDX ELECTRIC', 'Jl. Salemba Raya Gd.Kenari Lam Aks Lt. 1 No. 137 ', '021-390-7516', '', '', 0, 'SLS01', NULL, '2020-11-23 16:26:25', '2020-11-23 19:23:11'),
	('CUS0287', 'HENDRA', '  ', '0818-0798-6067', '', '', 0, 'SLS14', NULL, '2020-11-23 16:26:25', '2020-11-23 19:23:11'),
	('CUS0288', 'HENDRI PANASONIC', '', '', '', '', 0, 'SLS01', NULL, '2020-11-23 16:26:25', '2020-11-23 16:26:25'),
	('CUS0289', 'HENRY', '  ', '', '', '', 0, 'SLS13', NULL, '2020-11-23 16:26:25', '2020-11-23 16:26:25'),
	('CUS0290', 'HERI ELEKTRIK', 'Kenari Mas Lt. 2 Blok H No 157 ', '', '', '', 0, 'SLS01', NULL, '2020-11-23 16:26:25', '2020-11-23 16:26:25'),
	('CUS0291', 'HERI KAPUK', 'Kapuk  ', '', '', '', 0, 'SLS01', NULL, '2020-11-23 16:26:25', '2020-11-23 16:26:25'),
	('CUS0292', 'HERY ELEKTRIK', 'Kenari  ', '', '', '', 0, 'SLS01', NULL, '2020-11-23 16:26:25', '2020-11-23 16:26:25'),
	('CUS0293', 'HIDAYAH ELEKTRIK', 'H Ten  ', '', '', '', 0, 'SLS14', NULL, '2020-11-23 16:26:25', '2020-11-23 16:26:25'),
	('CUS0294', 'HIKMAH', 'Jl Cempaka Wangi  ', '', '', '', 0, 'SLS11', NULL, '2020-11-23 16:26:25', '2020-11-23 16:26:25'),
	('CUS0295', 'HIKMAH', 'Jakarta  ', '', '', '', 0, 'SLS13', NULL, '2020-11-23 16:26:25', '2020-11-23 16:26:25'),
	('CUS0296', 'HIKMAH E', 'Jl.Masjid Jati Cempaka  ', '0899-5239-643', '', '', 0, 'SLS08', NULL, '2020-11-23 16:26:25', '2020-11-23 19:23:11'),
	('CUS0297', 'HILMAN', 'Jakarta  ', '', '', '', 0, 'SLS01', NULL, '2020-11-23 16:26:25', '2020-11-23 16:26:25'),
	('CUS0298', 'HJ, ARSYAM', 'Percetakan Negara II  ', '', '', '', 0, 'SLS14', NULL, '2020-11-23 16:26:25', '2020-11-23 16:26:25'),
	('CUS0299', 'HOKY', 'Jl. Pondok Aren 2 No. 3B Gang Sate Kel. Pondok Betung ', '0813-1808-7221', '', '', 0, 'SLS12', NULL, '2020-11-23 16:26:25', '2020-11-23 19:23:11'),
	('CUS0300', 'HOKY', 'Jl. Mampang V No 5 RT. 7 RW 6 Belakang Blu Bird ', '0812-8708-7763', '', '', 0, 'SLS12', NULL, '2020-11-23 16:26:25', '2020-11-23 19:23:11'),
	('CUS0301', 'HOKY ELEKTRIK', 'Jl. H. Abu No 4 RT05/07 - Cipete ', '', '', '', 0, 'SLS04', NULL, '2020-11-23 16:26:25', '2020-11-23 16:26:25'),
	('CUS0302', 'HOSANA', 'Jl Ir Juanda  ', '0878-7122-2370', '', '', 0, 'SLS06', NULL, '2020-11-23 16:26:25', '2020-11-23 19:23:11'),
	('CUS0303', 'HRS MANDIRI', 'Kenari Lama ( Aks )  Lt. 2 Blok AKS 114 ', '021-213-93943', '', '', 0, 'SLS01', NULL, '2020-11-23 16:26:25', '2020-11-23 19:23:11'),
	('CUS0304', 'IAN', '  ', '', '', '', 0, 'SLS14', NULL, '2020-11-23 16:26:25', '2020-11-23 16:26:25'),
	('CUS0305', 'IBU ROSMELIA', 'Jl Warakas IV Gg 4 No 47 ( Rumah Cat Hitam ) ', '', '', '', 0, 'SLS04', NULL, '2020-11-23 16:26:25', '2020-11-23 16:26:25'),
	('CUS0306', 'IKBAL', '', '', '', '', 0, 'SLS01', NULL, '2020-11-23 16:26:25', '2020-11-23 16:26:25'),
	('CUS0307', 'IKTIAR ELEKTRIK', 'Jl Raya Condet Tengah  ', '', '', '', 0, 'SLS08', NULL, '2020-11-23 16:26:25', '2020-11-23 16:26:25'),
	('CUS0308', 'IMAH', 'Kenari Mas  ', '', '', '', 0, 'SLS01', NULL, '2020-11-23 16:26:25', '2020-11-23 16:26:25'),
	('CUS0309', 'IMANUEL', 'Bekasi  ', '021-888-0480', '', '', 0, 'SLS09', NULL, '2020-11-23 16:26:25', '2020-11-23 19:23:11'),
	('CUS0310', 'IMANUEL CILANDAK', 'Jl. Cilandak KKO No. 27-28  ', '', '', '', 0, 'SLS04', NULL, '2020-11-23 16:26:25', '2020-11-23 16:26:25'),
	('CUS0311', 'IMI JAYA', 'Jl Papango  ', '', '', '', 0, 'SLS01', NULL, '2020-11-23 16:26:25', '2020-11-23 16:26:25'),
	('CUS0312', 'INDAH', '  ', '', '', '', 0, 'SLS14', NULL, '2020-11-23 16:26:25', '2020-11-23 16:26:25'),
	('CUS0313', 'INDAH ( CIRACAS )', 'Ciracas  ', '', '', '', 0, 'SLS06', NULL, '2020-11-23 16:26:25', '2020-11-23 16:26:25'),
	('CUS0314', 'INDAH ELEKTRIK', 'Jl. Kramat Jati  ', '021-801-4551', '', '', 0, 'SLS14', NULL, '2020-11-23 16:26:25', '2020-11-23 19:23:11'),
	('CUS0315', 'INDAH JAM', 'Jl. Nusantara  ', '0817-8509-09', '', '', 0, 'SLS01', NULL, '2020-11-23 16:26:25', '2020-11-23 19:23:12'),
	('CUS0316', 'INDAH JAYA ELEKTRIK', 'Jl. Karapitan No. 94  Bandung', '0818-0916-5888', '', '', 0, 'SLS13', NULL, '2020-11-23 16:26:25', '2020-11-23 19:23:12'),
	('CUS0317', 'INDO ELEKTRIK', 'Jl, Raya Impres No. 58E RT.01/10 Kel. Tengah Kec. Kramat Jati', '0852-4509-2888', '', '', 0, 'SLS14', NULL, '2020-11-23 16:26:25', '2020-11-23 19:23:12'),
	('CUS0318', 'INDO JAYA ELEKTRIK', 'Kenari Baru Lt. Dasar Blok F No. 10 ', '021-392-1562', '', '', 0, 'SLS01', NULL, '2020-11-23 16:26:25', '2020-11-23 19:23:12'),
	('CUS0319', 'INDRA PURNAMA ELEKTRIK', 'Jl. Raya Cirende No. 56 Pondok Cabe Dpn Masjid At-Taubah', '021-742-8384', '', '', 0, 'SLS12', NULL, '2020-11-23 16:26:25', '2020-11-23 19:23:12'),
	('CUS0320', 'INTAN ABADI', 'Kenari Aks  ', '021-391-4374', '', '', 0, 'SLS01', NULL, '2020-11-23 16:26:25', '2020-11-23 19:23:12'),
	('CUS0321', 'INTERMEDIA', 'Jl. Bintaro Utama No. 12 Bintaro Jaya  - Tangerang ', '', '', '', 0, 'SLS14', NULL, '2020-11-23 16:26:25', '2020-11-23 16:26:25'),
	('CUS0322', 'INTI CAHAYA METTA PRATAMA', 'Jl Tipar Cakung No 1E / 2 Semper - Priok ', '0812-8750-8884', '', '', 0, 'SLS14', NULL, '2020-11-23 16:26:25', '2020-11-23 19:23:12'),
	('CUS0323', 'INTI JAYA ELEKTRIK', 'Jl. Raya Patriot No. 72 Kranji - Bekasi ', '0818-0664-0743', '', '', 0, 'SLS04', NULL, '2020-11-23 16:26:25', '2020-11-23 19:23:12'),
	('CUS0324', 'INTRACO', 'Kenari Baru B21  ', '', '', '', 0, 'SLS01', NULL, '2020-11-23 16:26:25', '2020-11-23 16:26:25'),
	('CUS0325', 'IRFAN', 'Jl Raden Sanim  ', '', '', '', 0, 'SLS09', NULL, '2020-11-23 16:26:25', '2020-11-23 16:26:25'),
	('CUS0326', 'ISTANA LIGHTING', 'Kenari Baru, Jakarta  ', '', '', '', 0, 'SLS01', NULL, '2020-11-23 16:26:25', '2020-11-23 16:26:25'),
	('CUS0327', 'JAGURDUK', 'Jakarta  ', '', '', '', 0, 'SLS11', NULL, '2020-11-23 16:26:25', '2020-11-23 16:26:25'),
	('CUS0328', 'JASA ELEKTRIK', 'Ruko Dukuh Jambrud Blok B03  No : 78 Bekas ', '0812-1379-552', '', '', 0, 'SLS14', NULL, '2020-11-23 16:26:25', '2020-11-23 19:23:12'),
	('CUS0329', 'JAY', 'Jakarta  ', '', '', '', 0, 'SLS14', NULL, '2020-11-23 16:26:25', '2020-11-23 16:26:25'),
	('CUS0330', 'JAYA 99', 'Jl. Angsana 1 No. 21 Belakang Indomart / Bin ', '', '', '', 0, 'SLS12', NULL, '2020-11-23 16:26:25', '2020-11-23 16:26:25'),
	('CUS0331', 'JAYA AGUNG', 'Jakarta  ', '', '', '', 0, 'SLS01', NULL, '2020-11-23 16:26:25', '2020-11-23 16:26:25'),
	('CUS0332', 'JAYA AUDIO TEKNIK', 'Jl. Pajajaran No. 68 Pamulang Barat - Tangsel ', '0812-9657-8367', '', '', 0, 'SLS04', NULL, '2020-11-23 16:26:25', '2020-11-23 19:23:12'),
	('CUS0333', 'JAYA BERKAH LESTARI', 'Kenari Aks Lt. 2 No. 69  ', '0812-8233-7516', '', '', 0, 'SLS01', NULL, '2020-11-23 16:26:25', '2020-11-23 19:23:12'),
	('CUS0334', 'JAYA BERSAMA', 'Jl Pengadegan,  ', '', '', '', 0, 'SLS06', NULL, '2020-11-23 16:26:25', '2020-11-23 16:26:25'),
	('CUS0335', 'JAYA BERSAMA.', 'Jl Pesing Poglar  ', '', '', '', 0, 'SLS09', NULL, '2020-11-23 16:26:25', '2020-11-23 16:26:25'),
	('CUS0336', 'JAYA ELECTRIKAL UTAMA', 'Kenari II G 15  ', '021-315-2504', '', '', 0, 'SLS01', NULL, '2020-11-23 16:26:25', '2020-11-23 19:23:12'),
	('CUS0337', 'JAYA ELEKTRIK  ( WONO )', 'Plaza Kenari Mas  ', '', '', '', 0, 'SLS01', NULL, '2020-11-23 16:26:25', '2020-11-23 16:26:25'),
	('CUS0338', 'JAYA ELEKTRIK ( ADJUBA )', 'Kenari Mas Lt. LG Blok Bc 002  ', '021-293-88452', '', '', 0, 'SLS01', NULL, '2020-11-23 16:26:25', '2020-11-23 19:23:12'),
	('CUS0339', 'JAYA ELEKTRIK ( TAMBUN )', 'Jl Perum Bumi Sani  ', '0812-9374-560', '', '', 0, 'SLS09', NULL, '2020-11-23 16:26:25', '2020-11-23 19:23:12'),
	('CUS0340', 'JAYA ELEKTRIK (GLODOK)', 'Pinangsia  Plaza  Lt. 3 No. 40 Glodok ', '', '', '', 0, 'SLS14', NULL, '2020-11-23 16:26:25', '2020-11-23 16:26:25'),
	('CUS0341', 'JAYA ELEKTRO', 'Jl. Mampang Prapatan No 25  ', '0818-0844-3076', '', '', 0, 'SLS14', NULL, '2020-11-23 16:26:25', '2020-11-23 19:23:12'),
	('CUS0342', 'JAYA KRANGAN', 'Krangan  ', '', '', '', 0, 'SLS05', NULL, '2020-11-23 16:26:25', '2020-11-23 16:26:25'),
	('CUS0343', 'JAYA LISTRIK', 'Kranggan  ', '', '', '', 0, 'SLS05', NULL, '2020-11-23 16:26:25', '2020-11-23 16:26:25'),
	('CUS0344', 'JAYA MAKMUR', 'Kenari Mas Lt. 1  ', '021-398-45870', '', '', 0, 'SLS01', NULL, '2020-11-23 16:26:25', '2020-11-23 19:23:12'),
	('CUS0345', 'JAYA MAKMUR ( KOSAMBI )', '  ', '', '', '', 0, 'SLS14', NULL, '2020-11-23 16:26:25', '2020-11-23 16:26:25'),
	('CUS0346', 'JAYA MANDIRI', 'Jakarta  ', '021-319-02224', '', '', 0, 'SLS01', NULL, '2020-11-23 16:26:25', '2020-11-23 19:23:12'),
	('CUS0347', 'JAYA MANGGALA', 'Kenari Mas  ', '021-398-45806', '', '', 0, 'SLS01', NULL, '2020-11-23 16:26:25', '2020-11-23 19:23:12'),
	('CUS0348', 'JAYA MAS E', 'Kenari Mas Lt. II Blok H No. 82 ', '0878-8681-887', '', '', 0, 'SLS01', NULL, '2020-11-23 16:26:25', '2020-11-23 19:23:12'),
	('CUS0349', 'JAYA MITRA ELEKTRIK', 'Kenari Mas Lt.2 No. 45 ', '', '', '', 0, 'SLS01', NULL, '2020-11-23 16:26:25', '2020-11-23 16:26:25'),
	('CUS0350', 'JAYA RAYA', 'Kenari Mas Lt II Blok G No 59 ', '', '', '', 0, 'SLS01', NULL, '2020-11-23 16:26:25', '2020-11-23 16:26:25'),
	('CUS0351', 'JAYA SAKTI', 'Kenari Aks No. 110-111  ', '021-319-31040', '', '', 0, 'SLS01', NULL, '2020-11-23 16:26:25', '2020-11-23 19:23:12'),
	('CUS0352', 'JAYA SENTOSA ( KENARI MAS )', 'Kenari Mas  ', '021-319-04445', '', '', 0, 'SLS01', NULL, '2020-11-23 16:26:25', '2020-11-23 19:23:12'),
	('CUS0353', 'JAYA SENTOSA ( PASEBAN )', 'Paseban  ', '021-390-6854', '', '', 0, 'SLS01', NULL, '2020-11-23 16:26:25', '2020-11-23 19:23:12'),
	('CUS0354', 'JEFRY', 'Jakarta  ', '', '', '', 0, 'SLS14', NULL, '2020-11-23 16:26:25', '2020-11-23 16:26:25'),
	('CUS0355', 'JF MAKMUR', 'Kenari Mas Lt 2 Blok H No 91  ', '0822-5822-9598', '', '', 0, 'SLS01', NULL, '2020-11-23 16:26:25', '2020-11-23 19:23:12'),
	('CUS0356', 'JIMY ELEKTRIK', 'Jakarta  ', '', '', '', 0, 'SLS01', NULL, '2020-11-23 16:26:25', '2020-11-23 16:26:25'),
	('CUS0357', 'JOHAR LISTRIK', 'Jl. Tuparev No.408 Karawang ', '0821-8188-8711', '', '', 0, 'SLS08', NULL, '2020-11-23 16:26:25', '2020-11-23 19:23:12'),
	('CUS0358', 'JOJO LIGHTING', 'Kenari Mas Lt. Ground C. 21 ', '0856-7698-980', '', '', 0, 'SLS01', NULL, '2020-11-23 16:26:25', '2020-11-23 19:23:12'),
	('CUS0359', 'JOKO FAJAR', 'Jakarta  ', '', '', '', 0, 'SLS01', NULL, '2020-11-23 16:26:25', '2020-11-23 16:26:25'),
	('CUS0360', 'JOY ELECTRIC', 'Kenari Mas Lt I Blok F133  ', '021-299-22173', '', '', 0, 'SLS01', NULL, '2020-11-23 16:26:25', '2020-11-23 19:23:13'),
	('CUS0361', 'JUANDA ELEKTRONIK', 'Taman Galaksi Raya Blok H No,16 - Bekasi Selatan ', '021-824-06649', '', '', 0, 'SLS14', NULL, '2020-11-23 16:26:25', '2020-11-23 19:23:13'),
	('CUS0362', 'KAMTO', 'Jakarta  ', '', '', '', 0, 'SLS14', NULL, '2020-11-23 16:26:25', '2020-11-23 16:26:25'),
	('CUS0363', 'KANTOR', '  ', '', '', '', 0, 'SLS01', NULL, '2020-11-23 16:26:25', '2020-11-23 16:26:25'),
	('CUS0364', 'KARUNIA ELEKTRIK', 'Jakarta  ', '', '', '', 0, 'SLS01', NULL, '2020-11-23 16:26:25', '2020-11-23 16:26:25'),
	('CUS0365', 'KARUNIA JAYA', 'Kenari Mas Lt. Ground Blok D No. 39 ', '021-398-45972', '', '', 0, 'SLS01', NULL, '2020-11-23 16:26:25', '2020-11-23 19:23:13'),
	('CUS0366', 'KARUNIA JAYA', 'Jl Pertamina  ', '', '', '', 0, 'SLS09', NULL, '2020-11-23 16:26:25', '2020-11-23 16:26:25'),
	('CUS0367', 'KARUNIA PANEL', '  ', '', '', '', 0, 'SLS01', NULL, '2020-11-23 16:26:25', '2020-11-23 16:26:25'),
	('CUS0368', 'KARUNIA TEKNIK', 'Kenari Mas Lt. G Blok C No. 16 31903687 - ', '0813-8407-0711', '', '', 0, 'SLS01', NULL, '2020-11-23 16:26:25', '2020-11-23 19:23:13'),
	('CUS0369', 'KARYA ABADI', 'Kenari Baru Blok E No. 9 ', '021-315-8455', '', '', 0, 'SLS01', NULL, '2020-11-23 16:26:25', '2020-11-23 19:23:13'),
	('CUS0370', 'KARYA PRIBADI', 'Jl Cipadu Raya Pd.Betung No.10 RT 02/05 Jurang Mangu Tmr Pd. Aren  021 7373461', '', '', '', 0, 'SLS13', NULL, '2020-11-23 16:26:25', '2020-11-23 16:26:25'),
	('CUS0371', 'KAWAN BARU', 'Jl. Pintu Pasar Lama No. 9 Jatinegara ', '021-819-7662', '', '', 0, 'SLS14', NULL, '2020-11-23 16:26:25', '2020-11-23 19:23:13'),
	('CUS0372', 'KEMHIL ELEKTRIK ( ADI )', 'Jl. H Mean I RT 03/03 No 24 Karang Timur - Karang Tengah ', '', '', '', 0, 'SLS17', NULL, '2020-11-23 16:26:25', '2020-11-23 16:26:25'),
	('CUS0373', 'KENARI PANEL', 'Kenari Aks Lt. Dasar Mo. 134 ', '021-391-1022', '', '', 0, 'SLS01', NULL, '2020-11-23 16:26:25', '2020-11-23 19:23:13'),
	('CUS0374', 'KENCANA', 'Kenari Aks  ', '021-314-3878', '', '', 0, 'SLS01', NULL, '2020-11-23 16:26:25', '2020-11-23 19:23:13'),
	('CUS0375', 'KENDALI MULTI', 'Jl. Kenari Aks Lt. 2 186 Depan Esclator ', '', '', '', 0, 'SLS01', NULL, '2020-11-23 16:26:25', '2020-11-23 16:26:25'),
	('CUS0376', 'KENDALI MULTI ELEKTRIK', 'Kenari Mas  ', '', '', '', 0, 'SLS01', NULL, '2020-11-23 16:26:25', '2020-11-23 16:26:25'),
	('CUS0377', 'KHARISMA ANUGERAH', 'Kenari Mas Lt. F2 Blok H No. 62 ', '', '', '', 0, 'SLS01', NULL, '2020-11-23 16:26:25', '2020-11-23 16:26:25'),
	('CUS0378', 'KICAUAN ELEKTRIK', 'LG  Kenari Mas  ', '', '', '', 0, 'SLS01', NULL, '2020-11-23 16:26:25', '2020-11-23 16:26:25'),
	('CUS0379', 'KIKI ELEKTRIK', 'Kenari Mas  ', '021-392-3871', '', '', 0, 'SLS01', NULL, '2020-11-23 16:26:25', '2020-11-23 19:23:13'),
	('CUS0380', 'KILAM ELEKTRIK ( LG )', 'Kenari Mas Lt LG Blok BC No 10 Depan Lift Tengah ', '021-290-79523', '', '', 0, 'SLS01', NULL, '2020-11-23 16:26:25', '2020-11-23 19:23:13'),
	('CUS0381', 'KILAM ELEKTRIK (LT. 3)', 'Kenari Mas  F3 Blok J No. 173- 175 ', '', '', '', 0, 'SLS01', NULL, '2020-11-23 16:26:25', '2020-11-23 16:26:25'),
	('CUS0382', 'KIM HIEM', 'Jl. Banceuy No. 31 - Bandung  ', '0838-2154-9500', 'Ibu Eshi', '', 0, 'SLS14', NULL, '2020-11-23 16:26:25', '2020-11-23 19:23:13'),
	('CUS0383', 'KING ELEKTRIK', 'Kenari Mas LG No. B 170  ', '021-293-69722', '', '', 0, 'SLS01', NULL, '2020-11-23 16:26:25', '2020-11-23 19:23:13'),
	('CUS0384', 'KITO MART', 'Jl. Angkur 26 Kampung Ambon  ', '0813-8476-4135', '', '', 0, 'SLS16', NULL, '2020-11-23 16:26:25', '2020-11-23 19:23:13'),
	('CUS0385', 'KLINIK LAMPU', 'Jl. Keping Raya Bekasi ', '0812-8249-8035', '', '', 0, 'SLS14', NULL, '2020-11-23 16:26:25', '2020-11-23 19:23:13'),
	('CUS0386', 'KO ASENG', 'Jakarta  ', '', '', '', 0, 'SLS01', NULL, '2020-11-23 16:26:25', '2020-11-23 16:26:25'),
	('CUS0387', 'KO AWI', 'Jl Kayu Manis  ', '', '', '', 0, 'SLS14', NULL, '2020-11-23 16:26:25', '2020-11-23 16:26:25'),
	('CUS0388', 'KO EDI', 'Tanah Tinggi, Jakarta  ', '', '', '', 0, 'SLS01', NULL, '2020-11-23 16:26:25', '2020-11-23 16:26:25'),
	('CUS0389', 'KO YUDI', 'Bekasi  ', '', '', '', 0, 'SLS04', NULL, '2020-11-23 16:26:25', '2020-11-23 16:26:25'),
	('CUS0390', 'KOH AMING', '  ', '', '', '', 0, 'SLS14', NULL, '2020-11-23 16:26:25', '2020-11-23 16:26:25'),
	('CUS0391', 'KOH RICKY', '  ', '', '', '', 0, 'SLS14', NULL, '2020-11-23 16:26:25', '2020-11-23 16:26:25'),
	('CUS0392', 'KOH YUDI', 'Jl Mayor O King  ', '', '', '', 0, 'SLS03', NULL, '2020-11-23 16:26:25', '2020-11-23 16:26:25'),
	('CUS0393', 'KOKO PARDI', 'Tangerang  ', '', '', '', 0, 'SLS14', NULL, '2020-11-23 16:26:25', '2020-11-23 16:26:25'),
	('CUS0394', 'KRAMAT JAYA', 'Kramat Asem  ', '', '', '', 0, 'SLS07', NULL, '2020-11-23 16:26:25', '2020-11-23 16:26:25'),
	('CUS0395', 'KREASINDO ABADI', 'Kenari Mas F3  ', '021-239-51998', '', '', 0, 'SLS01', NULL, '2020-11-23 16:26:25', '2020-11-23 19:23:13'),
	('CUS0396', 'KRISTON JAYA', 'Kenarimas Lt 6 Ruang P55,57,59  Ged. Lt 5 No. M76', '021-310-2018', '', '', 0, 'SLS01', NULL, '2020-11-23 16:26:25', '2020-11-23 19:23:13'),
	('CUS0397', 'KURNIA JAYA', 'Kenari Mas  ', '', '', '', 0, 'SLS01', NULL, '2020-11-23 16:26:25', '2020-11-23 16:26:25'),
	('CUS0398', 'KURNIA JAYA', 'Glodok Makmur No30 H-I  ', '0858-1025-2000', '', '', 0, 'SLS08', NULL, '2020-11-23 16:26:25', '2020-11-23 19:23:13'),
	('CUS0399', 'KUSUMA', 'Kenari Baru Blok D No. 10  ', '0812-9694-700', '', '', 0, 'SLS01', NULL, '2020-11-23 16:26:25', '2020-11-23 19:23:13'),
	('CUS0400', 'LAMP ELEKTRIK', 'Jl Raya Serpong KM 8 No 58B  ', '', '', '', 0, 'SLS04', NULL, '2020-11-23 16:26:25', '2020-11-23 16:26:25'),
	('CUS0401', 'LANCAR ABADI AKS', 'Kenari Aks Lt. Dasar No. 102 ', '021-319-34752', '', '', 0, 'SLS01', NULL, '2020-11-23 16:26:25', '2020-11-23 19:23:13'),
	('CUS0402', 'LANCAR ABADI BARU', 'Ps. Kenari Baru  ', '021-319-34752', '', '', 0, 'SLS01', NULL, '2020-11-23 16:26:25', '2020-11-23 19:23:13'),
	('CUS0403', 'LANCAR ABADI MAS', 'Kenari Mas  ', '0856-7951-272', '', '', 0, 'SLS01', NULL, '2020-11-23 16:26:25', '2020-11-23 19:23:13'),
	('CUS0404', 'LANCAR ABADI MAS', '', '', '', '', 0, 'SLS04', NULL, '2020-11-23 16:26:25', '2020-11-23 16:26:25'),
	('CUS0405', 'LANCAR ELEKTRO', 'Karawang  ', '', '', '', 0, 'SLS03', NULL, '2020-11-23 16:26:25', '2020-11-23 16:26:25'),
	('CUS0406', 'LANCAR JAYA', 'Jakarta  ', '', '', '', 0, 'SLS07', NULL, '2020-11-23 16:26:25', '2020-11-23 16:26:25'),
	('CUS0407', 'LANCAR MAJU', 'Tanah Tinggi  ', '', '', '', 0, 'SLS01', NULL, '2020-11-23 16:26:25', '2020-11-23 16:26:25'),
	('CUS0408', 'LASKAR JAYA ABADI', 'Kenari Mas Lt. F2 G No. 7 ', '0827-3991-119', '', '', 0, 'SLS01', NULL, '2020-11-23 16:26:25', '2020-11-23 19:23:13'),
	('CUS0409', 'LESTARI', 'Jl Kalisari  ', '', '', '', 0, 'SLS13', NULL, '2020-11-23 16:26:25', '2020-11-23 16:26:25'),
	('CUS0410', 'LIGA ELEKTRIK', 'Tangerang  ', '', '', '', 0, 'SLS04', NULL, '2020-11-23 16:26:25', '2020-11-23 16:26:25'),
	('CUS0411', 'LILY SUNTER JAYA', 'Jl. Sunter Ajya No. 7  ', '021-653-02743', '', '', 0, 'SLS08', NULL, '2020-11-23 16:26:25', '2020-11-23 19:23:13'),
	('CUS0412', 'LIM BROTHER', 'Jl. Mualana Hasanudin No 18 RT05/03 Cipondoh Makmur ', '0812-8380-9292', '', '', 0, 'SLS12', NULL, '2020-11-23 16:26:25', '2020-11-23 19:23:13'),
	('CUS0413', 'LIMA PUTRA', 'Kenari Baru, Jakarta  ', '021-315-8391', '', '', 0, 'SLS01', NULL, '2020-11-23 16:26:25', '2020-11-23 19:23:13'),
	('CUS0414', 'LION ELEKTRIK', 'Jakarta  ', '021-398-42734', '', '', 0, 'SLS01', NULL, '2020-11-23 16:26:25', '2020-11-23 19:23:13'),
	('CUS0415', 'LIPOY', 'Cengkareng  ', '', '', '', 0, 'SLS14', NULL, '2020-11-23 16:26:25', '2020-11-23 16:26:25'),
	('CUS0416', 'LISTRIK KLATEN', 'Ciputat  ', '', '', '', 0, 'SLS13', NULL, '2020-11-23 16:26:25', '2020-11-23 16:26:25'),
	('CUS0417', 'LISTRIK SEJATI', 'Jl Jati Indah II  ', '', '', '', 0, 'SLS08', NULL, '2020-11-23 16:26:25', '2020-11-23 16:26:25'),
	('CUS0418', 'LOTUS', 'Utan Panjang  ', '021-428-75135', '', '', 0, 'SLS14', NULL, '2020-11-23 16:26:25', '2020-11-23 19:23:13'),
	('CUS0419', 'LUCKY', 'Jl Panglima Polim  ', '', '', '', 0, 'SLS06', NULL, '2020-11-23 16:26:25', '2020-11-23 16:26:25'),
	('CUS0420', 'LUCKY CENTRAL ELKTRIK', 'Kenari Mas Lt. 2 Blok H No.055  ', '0812-7981-5360', '', '', 0, 'SLS01', NULL, '2020-11-23 16:26:25', '2020-11-23 19:23:13'),
	('CUS0421', 'LUCKY STAR', 'Kenari Mas  ', '', '', '', 0, 'SLS01', NULL, '2020-11-23 16:26:25', '2020-11-23 16:26:25'),
	('CUS0422', 'LUCKY STAR', 'Lt Dasar E10 Kenari Baru  ', '021-391-4427', '', '', 0, 'SLS01', NULL, '2020-11-23 16:26:25', '2020-11-23 19:23:13'),
	('CUS0423', 'LUX LUMINAIRE', 'Kenari Mas Lt. 3 Blok J No. 12 ', '', '', '', 0, 'SLS01', NULL, '2020-11-23 16:26:25', '2020-11-23 16:26:25'),
	('CUS0424', 'MAHKOTA', 'Jl Pondok Gede  ', '', '', '', 0, 'SLS10', NULL, '2020-11-23 16:26:25', '2020-11-23 16:26:25'),
	('CUS0425', 'MAHKOTA CEMERLANG', 'Jl. Ir H. Juanda No 71 Ciputat ', '', '', '', 0, 'SLS04', NULL, '2020-11-23 16:26:25', '2020-11-23 16:26:25'),
	('CUS0426', 'MAJU ELEKTRIK', 'Jl. Mampang Raya  ', '0812-9225-221', '', '', 0, 'SLS14', NULL, '2020-11-23 16:26:25', '2020-11-23 19:23:14'),
	('CUS0427', 'MAJU ELEKTRIK', 'Jl. Raya Perancis No. 2 Dadap - Seb. Perum Griya Dadap ', '', '', '', 0, 'SLS12', NULL, '2020-11-23 16:26:25', '2020-11-23 16:26:25'),
	('CUS0428', 'MAJU JAYA', 'Kenari Mas Lt. 1 Blok E No. 29D ', '0858-8893-0077', '', '', 0, 'SLS01', NULL, '2020-11-23 16:26:25', '2020-11-23 19:23:14'),
	('CUS0429', 'MAJU JAYA', 'Kenari Baru  ', '', '', '', 0, 'SLS01', NULL, '2020-11-23 16:26:25', '2020-11-23 16:26:25'),
	('CUS0430', 'MAJU JAYA', 'Jl Sumur Batu  ', '0813-1029-9468', '', '', 0, 'SLS14', NULL, '2020-11-23 16:26:25', '2020-11-23 19:23:14'),
	('CUS0431', 'MAJU JAYA LISTRIK', 'Season City Mall Lt. LG Blok B5 No. 8-9 ', '0882-1273-7027', '', '', 0, 'SLS14', NULL, '2020-11-23 16:26:25', '2020-11-23 19:23:14'),
	('CUS0432', 'MAKMUR CEMPAKA PUTIH', 'Cempaka Putih  ', '', '', '', 0, 'SLS04', NULL, '2020-11-23 16:26:25', '2020-11-23 16:26:25'),
	('CUS0433', 'MAKMUR ELEKTRIK', 'Jl. Karbela Timur No. 6 Depan Pasar Mencos ', '0821-7888-7865', 'Bp. Beni', '', 0, 'SLS12', NULL, '2020-11-23 16:26:25', '2020-11-23 19:23:14'),
	('CUS0434', 'MAKMUR ELEKTRIK', 'Kenari Baru  ', '', '', '', 0, 'SLS01', NULL, '2020-11-23 16:26:25', '2020-11-23 16:26:25'),
	('CUS0435', 'MAKMUR JAYA', 'Kenari Mas  ', '', '', '', 0, 'SLS01', NULL, '2020-11-23 16:26:25', '2020-11-23 16:26:25'),
	('CUS0436', 'MAKMUR JAYA', 'Lt Dasar Bik C No 32  ', '', '', '', 0, 'SLS01', NULL, '2020-11-23 16:26:25', '2020-11-23 16:26:25'),
	('CUS0437', 'MAKMUR MANDIRI', 'Jakarta  ', '', '', '', 0, 'SLS01', NULL, '2020-11-23 16:26:25', '2020-11-23 16:26:25'),
	('CUS0438', 'MAKMUR PRATAMA', 'Kenari Baru Sebelah Pegadaian ', '021-391-4317', '', '', 0, 'SLS01', NULL, '2020-11-23 16:26:25', '2020-11-23 19:23:14'),
	('CUS0439', 'MAKO JAYA', 'Cilincing  ', '', '', '', 0, 'SLS04', NULL, '2020-11-23 16:26:25', '2020-11-23 16:26:25'),
	('CUS0440', 'MALAKA', 'Jl. Jatinegara Barat No. 57  ', '', '', '', 0, 'SLS08', NULL, '2020-11-23 16:26:25', '2020-11-23 16:26:25'),
	('CUS0441', 'MANDIRI JAYA ELEKTRIK II', 'Jl. Cinere Raya No 10  ', '', '', '', 0, 'SLS04', NULL, '2020-11-23 16:26:25', '2020-11-23 16:26:25'),
	('CUS0442', 'MANDIRI JAYA ELEKTRONIK', 'Jl. Raya Cirende No. 58 Pondok Cabe ', '', '', '', 0, 'SLS12', NULL, '2020-11-23 16:26:25', '2020-11-23 16:26:25'),
	('CUS0443', 'MARCEL ELEKTRIK', 'Kenari Mas Lt. Ground   No. B 192 ', '0813-8105-3429', '', '', 0, 'SLS01', NULL, '2020-11-23 16:26:25', '2020-11-23 19:23:14'),
	('CUS0444', 'MARCELL ELKTRIK ( LT. 2)', 'Kenari Mas Lt. F2 Blok H No. 141 ', '', '', '', 0, 'SLS01', NULL, '2020-11-23 16:26:25', '2020-11-23 16:26:25'),
	('CUS0445', 'MARCONI', 'Jl. Gading Serpong Boulevard Blok Ba04 No. 31 ', '0813-1752-1437', '', '', 0, 'SLS12', NULL, '2020-11-23 16:26:25', '2020-11-23 19:23:14'),
	('CUS0446', 'MARION E', 'Jl Kopas Tridaya Indah 2  ', '', '', '', 0, 'SLS08', NULL, '2020-11-23 16:26:25', '2020-11-23 16:26:25'),
	('CUS0447', 'MATIUS', 'Kenari Baru Lt.3 Blok E No. 17 ', '0812-8256-388', '', '', 0, 'SLS01', NULL, '2020-11-23 16:26:25', '2020-11-23 19:23:14'),
	('CUS0448', 'MEGA JAYA', 'Kenari Mas Lt. II Blok H No. 11 ', '0812-1380-5138', '', '', 0, 'SLS01', NULL, '2020-11-23 16:26:25', '2020-11-23 19:23:14'),
	('CUS0449', 'MEGA MAKMUR', 'Kenari  ', '', '', '', 0, 'SLS01', NULL, '2020-11-23 16:26:25', '2020-11-23 16:26:25'),
	('CUS0450', 'MEGA RAWASARI', 'Jakarta  ', '', '', '', 0, 'SLS01', NULL, '2020-11-23 16:26:25', '2020-11-23 16:26:25'),
	('CUS0451', 'MEGA SAPUTRA', 'Jl Raya Citayam No 69  ', '021-879-85086', '', '', 0, 'SLS03', NULL, '2020-11-23 16:26:25', '2020-11-23 19:23:14'),
	('CUS0452', 'MEGAH JAYA SERANG', 'Ruko Sukses Jl. Kh. Fattah Hasan 7A Dpn Taspen - Cijawa Serang', '', '', '', 0, 'SLS14', NULL, '2020-11-23 16:26:25', '2020-11-23 16:26:25'),
	('CUS0453', 'MELINDA', 'Jl. Wr Supratman No 123 Cempaka Putih - Ciputat Timur Tangerang Selatan', '', '', '', 0, 'SLS04', NULL, '2020-11-23 16:26:25', '2020-11-23 16:26:25'),
	('CUS0454', 'MENARA JAYA', 'Jl. Cikoko Timur Raya RT.03/01 Pancoran ', '0878-7099-9464', '', '', 0, 'SLS12', NULL, '2020-11-23 16:26:25', '2020-11-23 19:23:14'),
	('CUS0455', 'MENTARI TIMUR', 'Cikarang  ', '', '', '', 0, 'SLS03', NULL, '2020-11-23 16:26:25', '2020-11-23 16:26:25'),
	('CUS0456', 'METRO MAJU', 'Tangerang  ', '021-531-61142', '', '', 0, 'SLS03', NULL, '2020-11-23 16:26:25', '2020-11-23 19:23:14'),
	('CUS0457', 'MIKA JAYA', 'Bukit Duri Tanjakan No 108 C  ', '021-837-92442', '', '', 0, 'SLS01', NULL, '2020-11-23 16:26:25', '2020-11-23 19:23:14'),
	('CUS0458', 'MIKA JAYA ( PHILIPS )', 'Bukit Duri Tanjakan  ', '', '', '', 0, 'SLS14', NULL, '2020-11-23 16:26:25', '2020-11-23 16:26:25'),
	('CUS0459', 'MITRA AGUNG', 'Jakarta  ', '', '', '', 0, 'SLS11', NULL, '2020-11-23 16:26:25', '2020-11-23 16:26:25'),
	('CUS0460', 'MITRA BANGUN', 'Pinangsia Raya No 62A  ', '021-531-24385', '', '', 0, 'SLS08', NULL, '2020-11-23 16:26:25', '2020-11-23 19:23:14'),
	('CUS0461', 'MITRA BERSAMA ELEKTRIK', 'Kenari Mas  ', '', '', '', 0, 'SLS01', NULL, '2020-11-23 16:26:25', '2020-11-23 16:26:25'),
	('CUS0462', 'MITRA ELEKTRONIK', 'Jl Rawamangun  ', '', '', '', 0, 'SLS14', NULL, '2020-11-23 16:26:25', '2020-11-23 16:26:25'),
	('CUS0463', 'MITRA JAYA', 'Kenari Mas Lt. F1 No 83 ', '021-398-42744', '', '', 0, 'SLS01', NULL, '2020-11-23 16:26:25', '2020-11-23 19:23:14'),
	('CUS0464', 'MITRA JAYA', 'Aks Lt 1 No 194  ', '', '', '', 0, 'SLS01', NULL, '2020-11-23 16:26:25', '2020-11-23 16:26:25'),
	('CUS0465', 'MITRA LESTARI', 'Tambun, Bekasi  ', '', '', '', 0, 'SLS07', NULL, '2020-11-23 16:26:25', '2020-11-23 16:26:25'),
	('CUS0466', 'MITRA LISTRIK / MORTEN', 'Plaza Kenari Mas Lt. F1 Blok E  21, 21A ,21B ', '021-315-8366', '', '', 0, 'SLS01', NULL, '2020-11-23 16:26:25', '2020-11-23 19:23:14'),
	('CUS0467', 'MITRA MAKMUR SAHABAT', 'Kenari Mas  ', '021-398-41958', '', '', 0, 'SLS01', NULL, '2020-11-23 16:26:25', '2020-11-23 19:23:14'),
	('CUS0468', 'MITRA SANJAYA', 'Jl. Rc Veteran Raya No. 4B RT 022/11 Bintaro Pesanggrahan ', '0877-8298-4848', '', '', 0, 'SLS04', NULL, '2020-11-23 16:26:25', '2020-11-23 19:23:14'),
	('CUS0469', 'MITRA SUKSES', 'Kenari Baru Blok F 11 - 12 ', '021-391-426', '', '', 0, 'SLS01', NULL, '2020-11-23 16:26:25', '2020-11-23 19:23:14'),
	('CUS0470', 'MITRA SUKSES PERKASA', 'Kenari Baru Lt. 1 Blok A No.4  ', '021-392-0098', '', '', 0, 'SLS01', NULL, '2020-11-23 16:26:25', '2020-11-23 19:23:14'),
	('CUS0471', 'MK LISTRIK', 'Jl. Pluit Karang Cantik Blok P3 Timur No. 40 ', '021-666-01447', '', '', 0, 'SLS14', NULL, '2020-11-23 16:26:25', '2020-11-23 19:23:14'),
	('CUS0472', 'MODERN ELEKTRIK', 'Jl Hasyim Ashari No46 Cipondoh  ', '0813-8901-7891', '', '', 0, 'SLS04', NULL, '2020-11-23 16:26:25', '2020-11-23 19:23:14'),
	('CUS0473', 'MORTEN', 'Kenari Mas  ', '021-319-03547', '', '', 0, 'SLS01', NULL, '2020-11-23 16:26:25', '2020-11-23 19:23:14'),
	('CUS0474', 'MUJUR', 'Jakarta  ', '021-391-4342', '', '', 0, 'SLS01', NULL, '2020-11-23 16:26:25', '2020-11-23 19:23:14'),
	('CUS0475', 'MUJUR JAYA', 'Jl. Minyak 6 No. 7B - 7C Duren Tiga Selatan ', '', '', '', 0, 'SLS12', NULL, '2020-11-23 16:26:25', '2020-11-23 16:26:25'),
	('CUS0476', 'MUKTI ELEKTRIK', 'Jl Wibawa Mukti 4  ', '', '', '', 0, 'SLS09', NULL, '2020-11-23 16:26:25', '2020-11-23 16:26:25'),
	('CUS0477', 'MULIA ELEKTRIK (K. BARU)', 'Kenari Baru  ', '', '', '', 0, 'SLS01', NULL, '2020-11-23 16:26:25', '2020-11-23 16:26:25'),
	('CUS0478', 'MULIA ELEKTRIK K. MAS', 'Kenari Mas Lt LG Blok B No 198  Jakarta Pusat ', '021-392-3053', '', '', 0, 'SLS01', NULL, '2020-11-23 16:26:25', '2020-11-23 19:23:14'),
	('CUS0479', 'MULIA JAYA', 'Jl. Bukit Cinere Gandul Samping Gg. Lestari No.36 ', '021-229-75601', '', '', 0, 'SLS04', NULL, '2020-11-23 16:26:25', '2020-11-23 19:23:14'),
	('CUS0480', 'MULIA JAYA', 'Senen Jaya  ', '021-299-39168', '', '', 0, 'SLS14', NULL, '2020-11-23 16:26:25', '2020-11-23 19:23:14'),
	('CUS0481', 'MULIA LIGHTING', 'Kenari Aks, Jakarta  ', '', '', '', 0, 'SLS01', NULL, '2020-11-23 16:26:25', '2020-11-23 16:26:25'),
	('CUS0482', 'MULIA MAKMUR', 'Kenari Mas LG Lt. LG No. 108  ', '0813-1093-4988', '', '', 0, 'SLS01', NULL, '2020-11-23 16:26:25', '2020-11-23 19:23:14'),
	('CUS0483', 'MULIA MAS', '', '', '', '', 0, 'SLS01', NULL, '2020-11-23 16:26:25', '2020-11-23 16:26:25'),
	('CUS0484', 'MULIA MAS LIGHTING', 'Kenari Mas Lt. I Blok F No. 1-3 ', '021-319-04620', '', '', 0, 'SLS01', NULL, '2020-11-23 16:26:25', '2020-11-23 19:23:15'),
	('CUS0485', 'MULIA SEJATI', 'Jakarta  ', '021-398-45732', '', '', 0, 'SLS01', NULL, '2020-11-23 16:26:25', '2020-11-23 19:23:15'),
	('CUS0486', 'MULTI ABADI', 'Kenari Mas  ', '', '', '', 0, 'SLS01', NULL, '2020-11-23 16:26:25', '2020-11-23 16:26:25'),
	('CUS0487', 'MULTI ELEKTRIK', 'Perum Griya Bukit Jaya Ruko Blok H1 No.6 Gunung Putri Bogor ', '0812-8047-923', '', '', 0, 'SLS03', NULL, '2020-11-23 16:26:25', '2020-11-23 19:23:15'),
	('CUS0488', 'MULTI SARANA', 'Ltc Glogok UG Blok C 15 No. 2 ', '021-622-01606', '', '', 0, 'SLS14', NULL, '2020-11-23 16:26:25', '2020-11-23 19:23:15'),
	('CUS0489', 'MULTI SARANA', 'Kenari Mas Lower Ground B 195  ', '021-391-8074', '', '', 0, 'SLS01', NULL, '2020-11-23 16:26:25', '2020-11-23 19:23:15'),
	('CUS0490', 'MURA  JAYA', 'Jl. Kh. Agus Salim No 38 Kota Bekasi ', '0877-8660-7816', '', '', 0, 'SLS04', NULL, '2020-11-23 16:26:25', '2020-11-23 19:23:15'),
	('CUS0491', 'MUTIARA JAYA', 'Kenari Mas Lt. 2 Blok H48 ', '', '', '', 0, 'SLS01', NULL, '2020-11-23 16:26:25', '2020-11-23 16:26:25'),
	('CUS0492', 'NAJUA', 'Jl Zikma Jati Makmur  ', '', '', '', 0, 'SLS08', NULL, '2020-11-23 16:26:25', '2020-11-23 16:26:25'),
	('CUS0493', 'NAMPAK TERANG', 'Karawang  ', '0267-8405-355', '', '', 0, 'SLS03', NULL, '2020-11-23 16:26:25', '2020-11-23 19:23:15'),
	('CUS0494', 'NANA ( KOSLET EL )', 'Kenari Mas Lt. LG B 135  ', '', '', '', 0, 'SLS01', NULL, '2020-11-23 16:26:25', '2020-11-23 16:26:25'),
	('CUS0495', 'NANA DJUJU', '  ', '', '', '', 0, 'SLS14', NULL, '2020-11-23 16:26:25', '2020-11-23 16:26:25'),
	('CUS0496', 'NASA ELEKTRIK', 'Bandengan Selatan  ', '', '', '', 0, 'SLS14', NULL, '2020-11-23 16:26:25', '2020-11-23 16:26:25'),
	('CUS0497', 'NATIONAL BARU', 'Kenari Mas  F II Blok H No. 35  ', '021-319-00181', '', '', 0, 'SLS01', NULL, '2020-11-23 16:26:25', '2020-11-23 19:23:15'),
	('CUS0498', 'NEPTUNUS', 'Kenari Baru Lt. Dasar Blok B No 8 ', '021-315-8266', '', '', 0, 'SLS01', NULL, '2020-11-23 16:26:25', '2020-11-23 19:23:15'),
	('CUS0499', 'NEPTUNUS', 'Kenari Mas  ', '', '', '', 0, 'SLS01', NULL, '2020-11-23 16:26:25', '2020-11-23 16:26:25'),
	('CUS0500', 'NF JAYA ELCTRIC', 'Kenari Mas Lt. Ground Blok D 116 ', '021-398-41678', '', '', 0, 'SLS01', NULL, '2020-11-23 16:26:25', '2020-11-23 19:23:15'),
	('CUS0501', 'NIAGA 1', 'Jl Raya Tengah No 17A Depan Panaorama Indah Kamp Gedong Ps Rebo', '', '', '', 0, 'SLS04', NULL, '2020-11-23 16:26:25', '2020-11-23 16:26:25'),
	('CUS0502', 'NIAGA ABADI', 'Kenari Mas  ', '0818-9421-61', '', '', 0, 'SLS01', NULL, '2020-11-23 16:26:25', '2020-11-23 19:23:15'),
	('CUS0503', 'NIAGA GLOBAL', 'Sunter  ', '', '', '', 0, 'SLS01', NULL, '2020-11-23 16:26:25', '2020-11-23 16:26:25'),
	('CUS0504', 'NINA ELEKTRO', 'Jl. Penggilingan  No.54- Cakun Dekat Halte Busway - Jaktim ', '0852-8850-0349', '', '', 0, 'SLS16', NULL, '2020-11-23 16:26:25', '2020-11-23 19:23:15'),
	('CUS0505', 'NS TRADING', 'Pondok Hijau Golf Chrysocolla Selatan 2 No. 8 Gading Serpong ', '0811-1759-305', '', '', 0, 'SLS14', NULL, '2020-11-23 16:26:25', '2020-11-23 19:23:15'),
	('CUS0506', 'NUR ELEKTRIK', 'Jl. Sudiro No. 6 RT 15/3 Cempaka Baru - Jakpus Sebelum Pombensin Shell', '0816-1893-657', 'Pak Aurum', '', 0, 'SLS14', NULL, '2020-11-23 16:26:25', '2020-11-23 19:23:15'),
	('CUS0507', 'NURDIN', 'Kenari Aks  ', '', '', '', 0, 'SLS14', NULL, '2020-11-23 16:26:25', '2020-11-23 16:26:25'),
	('CUS0508', 'OCID TELESINDO', '  ', '', '', '', 0, 'SLS14', NULL, '2020-11-23 16:26:25', '2020-11-23 16:26:25'),
	('CUS0509', 'OCTA LIGHTING', 'Kenari Mas Lt. 2  ', '', '', '', 0, 'SLS01', NULL, '2020-11-23 16:26:25', '2020-11-23 16:26:25'),
	('CUS0510', 'OM AGUS', '  ', '', '', '', 0, 'SLS14', NULL, '2020-11-23 16:26:25', '2020-11-23 16:26:25'),
	('CUS0511', 'ONE SAFTY', 'Kenari Mas Lt. 2 Blok G No. 46 ', '021-239-51148', '', '', 0, 'SLS01', NULL, '2020-11-23 16:26:25', '2020-11-23 19:23:15'),
	('CUS0512', 'ORY IFONK', 'Pasar Paseban Lt. Dasar Blok DKS No.22 ', '0877-8231-1888', '', '', 0, 'SLS01', NULL, '2020-11-23 16:26:25', '2020-11-23 19:23:15'),
	('CUS0513', 'OSCOVIVA', '  ', '0818-9089-50', '', '', 0, 'SLS14', NULL, '2020-11-23 16:26:25', '2020-11-23 19:23:15'),
	('CUS0514', 'OSKAR JAYA PANEL', 'Kenari Mas Lt. LG Blok A No. 25 ', '0878-8015-7002', '', '', 0, 'SLS01', NULL, '2020-11-23 16:26:25', '2020-11-23 19:23:15'),
	('CUS0515', 'PADANG INDAH ELEKTRIK', 'Jl. Batu Ampara III No. 24 B Condet - Jakarta Timur ', '0812-8928-4033', '', '', 0, 'SLS14', NULL, '2020-11-23 16:26:25', '2020-11-23 19:23:15'),
	('CUS0516', 'PADANG JAYA', 'Lapangan Tembak No 1 RT 002 RW  001 Jakarta Timur ', '0858-8871-9686', '', '', 0, 'SLS08', NULL, '2020-11-23 16:26:25', '2020-11-23 19:23:15'),
	('CUS0517', 'PAK ASEP', 'Perum Lipi Blok H No. 14 RT.03/03 Pondok Rajeg Cibinong', '0896-8945-666', '', '', 0, 'SLS14', NULL, '2020-11-23 16:26:25', '2020-11-23 19:23:15'),
	('CUS0518', 'PAK BRO', '  ', '', '', '', 0, 'SLS14', NULL, '2020-11-23 16:26:25', '2020-11-23 16:26:25'),
	('CUS0519', 'PAK BUDI', 'Jl Bulak Tengah 6 RT 07/07/ No9 ', '', '', '', 50000000, 'SLS14', NULL, '2020-11-23 16:26:25', '2020-11-23 16:26:25'),
	('CUS0520', 'PAK DIDI', 'Jakarta  ', '', '', '', 0, 'SLS13', NULL, '2020-11-23 16:26:25', '2020-11-23 16:26:25'),
	('CUS0521', 'PAK HARY YULIANTO', 'Jakarta  ', '', '', '', 0, 'SLS08', NULL, '2020-11-23 16:26:25', '2020-11-23 16:26:25'),
	('CUS0522', 'PAK HENGKY', 'Jl. Kartini 9 No. 26 Jakarta Pusat ', '0812-8387-1304', '', '', 0, 'SLS14', NULL, '2020-11-23 16:26:25', '2020-11-23 19:23:15'),
	('CUS0523', 'PAK IWAN', 'Perum Bojong Indah Kacang Polong 1 No. II Rawa Buaya - Cengkareng', '', '', '', 0, 'SLS14', NULL, '2020-11-23 16:26:25', '2020-11-23 16:26:25'),
	('CUS0524', 'PAK JERRY', 'Jakarta  ', '', '', '', 0, 'SLS05', NULL, '2020-11-23 16:26:25', '2020-11-23 16:26:25'),
	('CUS0525', 'PAK LATIF', '', '', '', '', 0, 'SLS01', NULL, '2020-11-23 16:26:25', '2020-11-23 16:26:25'),
	('CUS0526', 'PAK MULYADI', 'Cikarang  ', '0815-8957-409', '', '', 0, 'SLS14', NULL, '2020-11-23 16:26:25', '2020-11-23 19:23:15'),
	('CUS0527', 'PAK NURDIN', '', '', '', '', 0, 'SLS01', NULL, '2020-11-23 16:26:25', '2020-11-23 16:26:25'),
	('CUS0528', 'PAK SALIM', 'Jl Kramat 6  ', '', '', '', 0, 'SLS14', NULL, '2020-11-23 16:26:25', '2020-11-23 16:26:25'),
	('CUS0529', 'PAK YANTO BANDUNG', 'Jl. Kalasan VI Blok O No. 60 Komp. Pharmindo - Cijerah ', '022-603-2748', '', '', 0, 'SLS03', NULL, '2020-11-23 16:26:25', '2020-11-23 19:23:15'),
	('CUS0530', 'PAK ZAINAL', 'Jakarta  ', '', '', '', 0, 'SLS13', NULL, '2020-11-23 16:26:25', '2020-11-23 16:26:25'),
	('CUS0531', 'PALAPA JAYA', 'Jl. Walanda Maramis No. 236 Manado - Sulawesi Utara ', '', '', '', 0, 'SLS14', NULL, '2020-11-23 16:26:25', '2020-11-23 16:26:25'),
	('CUS0532', 'PANAH NUSA CATURINDO', 'Gedunbg Kenari Mas  Lt. F2 Blok H No 98 ', '021-239-51028', '', '', 0, 'SLS01', NULL, '2020-11-23 16:26:25', '2020-11-23 19:23:15'),
	('CUS0533', 'PANCA MULYA', 'Solo  ', '', '', '', 0, 'SLS04', NULL, '2020-11-23 16:26:25', '2020-11-23 16:26:25'),
	('CUS0534', 'PANEL ELEKTRIK', 'Jakarta  ', '', '', '', 0, 'SLS01', NULL, '2020-11-23 16:26:25', '2020-11-23 16:26:25'),
	('CUS0535', 'PANJI ELEKTRIK', 'Jl. Kesatriaan No 14 Rempoa - Ciputat Timur Tangerang', '', '', '', 0, 'SLS04', NULL, '2020-11-23 16:26:25', '2020-11-23 16:26:25'),
	('CUS0536', 'PB ELEKTRIK', 'Kenari Mas Lt.1  ', '', '', '', 0, 'SLS01', NULL, '2020-11-23 16:26:25', '2020-11-23 16:26:25'),
	('CUS0537', 'PB. CILILITAN JAYA', 'Jl. Dewi Sartika No.3 RT007/07 Sebrang PGC', '0812-9043-047', '-', '-', 0, 'SLS14', NULL, '2020-11-23 16:26:25', '2020-11-23 19:23:15'),
	('CUS0538', 'PD AGUNG JAYA', 'Kenari Mas Lt. LG No. B 186 ', '', '', '', 0, 'SLS01', NULL, '2020-11-23 16:26:25', '2020-11-23 16:26:25'),
	('CUS0539', 'PD. MULYA AGUNG', 'Jl. Sumur Batu Raya 12B - 12C  ', '021-425-6516', '', '', 0, 'SLS08', NULL, '2020-11-23 16:26:25', '2020-11-23 19:23:15'),
	('CUS0540', 'PELITA BERSAUDARA', 'Kenari Mas Lt. 1  ', '021-398-45832', '', '', 0, 'SLS01', NULL, '2020-11-23 16:26:25', '2020-11-23 19:23:15'),
	('CUS0541', 'PELITA DUNIA ELEKTRIK', 'Jl. Hankam Raya Kav. 72 Jati Sampurna - Bekasi 17433 ', '0878-8907-7711', '', '', 0, 'SLS14', NULL, '2020-11-23 16:26:25', '2020-11-23 19:23:15'),
	('CUS0542', 'PEM ELEKTRIK', 'Kenari Mas Lt. GF Blok D 110A  ', '021-239-51511', '', '', 0, 'SLS01', NULL, '2020-11-23 16:26:25', '2020-11-23 19:23:16'),
	('CUS0543', 'PENDAWA', 'Jl Kampung Makasar  ', '', '', '', 0, 'SLS13', NULL, '2020-11-23 16:26:25', '2020-11-23 16:26:25'),
	('CUS0544', 'PEONG ELEKTTRIK', 'Kenari Mas Lt. 2 Blok H No. 52 ', '0821-1105-6402', '', '', 0, 'SLS01', NULL, '2020-11-23 16:26:25', '2020-11-23 19:23:16'),
	('CUS0545', 'PERMATA ABADI ( KOH RICO )', 'Jl. Gound Blok D No. 93 Kenari Mas ', '021-239-51171', '', '', 0, 'SLS01', NULL, '2020-11-23 16:26:25', '2020-11-23 19:23:16'),
	('CUS0546', 'PERMATA ELEKTRONIK', 'Jl. Kaliabang Nangka Raya Kel. No 3 RT 02/ 06 Perwira - Bekasi Utara', '', '', '', 0, 'SLS04', NULL, '2020-11-23 16:26:25', '2020-11-23 16:26:25'),
	('CUS0547', 'PIONER MAS', 'Kenari Mas  ', '', '', '', 0, 'SLS01', NULL, '2020-11-23 16:26:25', '2020-11-23 16:26:25'),
	('CUS0548', 'PLANET', 'Jl Warakas  ', '', '', '', 0, 'SLS09', NULL, '2020-11-23 16:26:25', '2020-11-23 16:26:25'),
	('CUS0549', 'PLASMA  ( KENARI BARU )', 'Kenari Baru  ', '0811-1303-67', '', '', 0, 'SLS01', NULL, '2020-11-23 16:26:25', '2020-11-23 19:23:16'),
	('CUS0550', 'PLASMA ( KENARI MAS )', 'Kenari Mas  ', '021-398-41980', '', '', 0, 'SLS01', NULL, '2020-11-23 16:26:25', '2020-11-23 19:23:16'),
	('CUS0551', 'PLASMA ABADI', 'Kenari Mas Blok B No 1116 ', '0812-7956-9482', '', '', 0, 'SLS01', NULL, '2020-11-23 16:26:25', '2020-11-23 19:23:16'),
	('CUS0552', 'PLASMA JAYA ELEKTRIK', 'Kenari Mas Blok LG Blok K No. 88 ', '021-319-07987', '', '', 0, 'SLS01', NULL, '2020-11-23 16:26:25', '2020-11-23 19:23:16'),
	('CUS0553', 'PLN GATERA', 'Jl Bulungan  ', '', '', '', 0, 'SLS02', NULL, '2020-11-23 16:26:25', '2020-11-23 16:26:25'),
	('CUS0554', 'POJOK JAYA', 'Jl Ciledug Raya No 64', '0851-0053-3951', '-', '-', 0, 'SLS14', NULL, '2020-11-23 16:26:25', '2020-11-23 19:23:16'),
	('CUS0555', 'POLA INTI', 'Jl. Taman Nyiur Blok N No. 4C - 4D ( Spanduk Kdk ) Sunter', '021-650-871011', '', '', 0, 'SLS14', NULL, '2020-11-23 16:26:25', '2020-11-23 19:23:16'),
	('CUS0556', 'PONDOK INDAH', 'Jl.  Raya Pondok Gede No 58 - Bekasi ', '021-846-4242', '', '', 0, 'SLS08', NULL, '2020-11-23 16:26:25', '2020-11-23 19:23:16'),
	('CUS0557', 'PRATAMA SERVICE', 'Jl Komp Jenggot Sukapura  ', '', '', '', 0, 'SLS04', NULL, '2020-11-23 16:26:25', '2020-11-23 16:26:25'),
	('CUS0558', 'PRIMA ABADI PANEL', 'Kenari Mas Lt. 3 Blok J162-163 ', '0852-1081-7567', '', '', 0, 'SLS01', NULL, '2020-11-23 16:26:25', '2020-11-23 19:23:16'),
	('CUS0559', 'PRIMA ELEKTRIK', 'Villa Melati Mas Jl. Melati Raya Blok O 1 No.11 Serpong ', '0813-1235-1875', '', '', 0, 'SLS04', NULL, '2020-11-23 16:26:25', '2020-11-23 19:23:16'),
	('CUS0560', 'PRIMA JAYA MUNCUL SERPONG', 'Jl. Hutama Karya Kp Sengkol RT06 Muncul Setu - Serpong ', '0856-9496-4556', '', '', 0, 'SLS04', NULL, '2020-11-23 16:26:25', '2020-11-23 19:23:16'),
	('CUS0561', 'PT. AGRAPANA INDO SETIA', 'Jakarta  ', '', '', '', 0, 'SLS01', NULL, '2020-11-23 16:26:25', '2020-11-23 16:26:25'),
	('CUS0562', 'PT. GLOBAL SIGMA MANDIRI', 'Jl Kramat Lontar J 86 RT 01/01 Paseban - Senen ', '', '', '', 0, 'SLS14', NULL, '2020-11-23 16:26:25', '2020-11-23 16:26:25'),
	('CUS0563', 'PT. HI-COOK INDONESIA', 'Pool Ppd Pesing Poglar 2 Pergudangan Prima Center 2 Blok D No 11 Kali Angke', '', '', '2.00181E+13', 0, 'SLS14', NULL, '2020-11-23 16:26:25', '2020-11-23 16:26:25'),
	('CUS0564', 'PT. HOKINDO JAYA SUKSES', 'Gdg Plaza Kenari Mas Lt.1 F1 No. 45 Jl. Kramat Raya No.101 Paseban Senen, Dki Jakarta', '', '', '8.1918E+14', 0, 'SLS01', NULL, '2020-11-23 16:26:25', '2020-11-23 16:26:25'),
	('CUS0565', 'PUTRA  ADIL', 'Kenari  ', '021-392-2117', '', '', 0, 'SLS01', NULL, '2020-11-23 16:26:25', '2020-11-23 19:23:16'),
	('CUS0566', 'PUTRA ABADI', 'Kenari Mas Lt. Ground Blok D No. 37 (Samping Jaya Mandiri)', '021-319-04822', '', '', 0, 'SLS01', NULL, '2020-11-23 16:26:25', '2020-11-23 19:23:16'),
	('CUS0567', 'PUTRA DEWI ELEKTRIK', 'Kenari Mas  ', '', '', '', 0, 'SLS01', NULL, '2020-11-23 16:26:25', '2020-11-23 16:26:25'),
	('CUS0568', 'PUTRA JAYA ELECTRIK', 'Kenari Mas Lt. 2 Blok H 95 ', '', '', '', 0, 'SLS01', NULL, '2020-11-23 16:26:25', '2020-11-23 16:26:25'),
	('CUS0569', 'PUTRA JAYA ELEKTRIK', 'Kenari Mas Lt. LG Blok B No 116A ', '021-398-42733', '', '', 0, 'SLS01', NULL, '2020-11-23 16:26:25', '2020-11-23 19:23:16'),
	('CUS0570', 'PUTRA MANDIRI', 'Jakarta  ', '0821-1022-2260', '', '', 0, 'SLS01', NULL, '2020-11-23 16:26:25', '2020-11-23 19:23:16'),
	('CUS0571', 'PUTRA MANDIRI ELEKTRIK', 'Jl. Imam Bonjol No. 61 Karawaci - Tangerang 15115 ', '', '', '', 0, 'SLS04', NULL, '2020-11-23 16:26:25', '2020-11-23 16:26:25'),
	('CUS0572', 'PUTRA MANDIRI SEMPER', 'Jl. Bendungan Melayu No 76  ', '', '', '', 0, 'SLS04', NULL, '2020-11-23 16:26:25', '2020-11-23 16:26:25'),
	('CUS0573', 'PUTRA SUMBER ABADI', 'Jl. Kramat Raya No 170  ', '', '', '', 0, 'SLS01', NULL, '2020-11-23 16:26:25', '2020-11-23 16:26:25'),
	('CUS0574', 'PUTRA UTAMA', 'Kenari  ', '', '', '', 0, 'SLS01', NULL, '2020-11-23 16:26:25', '2020-11-23 16:26:25'),
	('CUS0575', 'PUTRI MANDIRI TEKNIK', 'Kenari Mas Lt.1 Blok F No. 23 ', '021-398-45853', '', '', 0, 'SLS01', NULL, '2020-11-23 16:26:25', '2020-11-23 19:23:16'),
	('CUS0576', 'RAHMA ELECTRIK', 'Jl. Kalimulya Raya Depok No.15 RT. 005/ RW 002 ', '0878-8439-5698', 'Yoga Saputra', '', 0, 'SLS03', NULL, '2020-11-23 16:26:25', '2020-11-23 19:23:16'),
	('CUS0577', 'RAISYA ELEKTRIK', 'Cipinang Baru  ', '', '', '', 0, 'SLS06', NULL, '2020-11-23 16:26:25', '2020-11-23 16:26:25'),
	('CUS0578', 'RAKSA NUGRAH', 'Kenari Mas  ', '021-392-4313', '', '', 0, 'SLS01', NULL, '2020-11-23 16:26:25', '2020-11-23 19:23:16'),
	('CUS0579', 'RAM RAF ELEKTRIK', 'Jl. Darusaadah Komp. Bulak Tmr Cinangka - Sawangan - Depok ', '0858-1339-5660', '', '', 0, 'SLS04', NULL, '2020-11-23 16:26:25', '2020-11-23 19:23:16'),
	('CUS0580', 'RAMA ELEKTRIK', 'Jl. Pajajaran No. 123 Perumnas III - Tangerang ', '0852-9481-1222', '', '', 0, 'SLS14', NULL, '2020-11-23 16:26:25', '2020-11-23 19:23:16'),
	('CUS0581', 'REGINA LISTRIK', 'Jakarta  ', '', '', '', 0, 'SLS11', NULL, '2020-11-23 16:26:25', '2020-11-23 16:26:25'),
	('CUS0582', 'RENNY JAYA ELEKTRIK', 'Kenari Mas Lt. LG', '0856-9885-558', '', '', 0, 'SLS01', NULL, '2020-11-23 16:26:25', '2020-11-23 19:23:16'),
	('CUS0583', 'RESTU IBU', 'Rawamangun  ', '021-413-18440', '', '', 0, 'SLS11', NULL, '2020-11-23 16:26:25', '2020-11-23 19:23:16'),
	('CUS0584', 'REZKY JAYA E', 'Kenari Mas Lt. F2 Blok H No.50 ', '0852-6837-6495', '', '', 0, 'SLS01', NULL, '2020-11-23 16:26:25', '2020-11-23 19:23:16'),
	('CUS0585', 'RIDHO E', 'Jl. Batu Ampar 3 No. 39B Samping Kiri Alfamart Condet - Jaktim', '', '', '', 0, 'SLS13', NULL, '2020-11-23 16:26:25', '2020-11-23 16:26:25'),
	('CUS0586', 'RIDHO ELEKTRIXC', 'Jl Bekasi Timur - Klender  ', '', '', '', 0, 'SLS04', NULL, '2020-11-23 16:26:25', '2020-11-23 16:26:25'),
	('CUS0587', 'RINA', 'Bekasi  ', '', '', '', 0, 'SLS14', NULL, '2020-11-23 16:26:25', '2020-11-23 16:26:25'),
	('CUS0588', 'RIRI', '  ', '', '', '', 0, 'SLS06', NULL, '2020-11-23 16:26:25', '2020-11-23 16:26:25'),
	('CUS0589', 'RIRI', 'Jakarta  ', '', '', '', 0, 'SLS11', NULL, '2020-11-23 16:26:25', '2020-11-23 16:26:25'),
	('CUS0590', 'RISKI', 'Jl Pisangan Baru  ', '', '', '', 0, 'SLS01', NULL, '2020-11-23 16:26:25', '2020-11-23 16:26:25'),
	('CUS0591', 'RIYAN', 'Jakarta  ', '', '', '', 0, 'SLS13', NULL, '2020-11-23 16:26:25', '2020-11-23 16:26:25'),
	('CUS0592', 'RIZAL ELEKTRIK', 'Jl. Raya Hankam Pondok Melati Bulak 1/2 No. 24 Cansana Bogor  No. 10', '0813-7420-0046', '', '', 0, 'SLS04', NULL, '2020-11-23 16:26:25', '2020-11-23 19:23:16'),
	('CUS0593', 'ROBIN', 'Glodok LTC  ', '', '', '', 0, 'SLS14', NULL, '2020-11-23 16:26:25', '2020-11-23 16:26:25'),
	('CUS0594', 'ROBIN ( KABEL )', '  ', '', '', '', 0, 'SLS14', NULL, '2020-11-23 16:26:25', '2020-11-23 16:26:25'),
	('CUS0595', 'ROMA BANGUNAN', 'Jl. Tuparef No. 244 Karawang ', '0281-1195-463', 'Bpk  Tommy', '', 0, 'SLS03', NULL, '2020-11-23 16:26:25', '2020-11-23 19:23:16'),
	('CUS0596', 'RUDI NEON', 'Karawang  ', '', '', '', 0, 'SLS03', NULL, '2020-11-23 16:26:25', '2020-11-23 16:26:25'),
	('CUS0597', 'RUWIYAH ELEKTRIK', 'Jakarta  ', '', '', '', 0, 'SLS14', NULL, '2020-11-23 16:26:25', '2020-11-23 16:26:25'),
	('CUS0598', 'S.A.S', 'Cibitung - Bekasi  ', '', '', '', 0, 'SLS14', NULL, '2020-11-23 16:26:25', '2020-11-23 16:26:25'),
	('CUS0599', 'SAE GROUP', 'Jl. Lembah Pinang 6 Blok I - 7 No. 15 RT.006/09 Kav. Dki Pd. Kelapa Duren Sawit', '0812-8177-5032', 'Kamal Fikri', '', 0, 'SLS05', NULL, '2020-11-23 16:26:25', '2020-11-23 19:23:16'),
	('CUS0600', 'SAHABAT ABADI', 'Jl. Karang Tengah Raya 59A Lebak Bulus ', '', '', '', 0, 'SLS04', NULL, '2020-11-23 16:26:25', '2020-11-23 16:26:25'),
	('CUS0601', 'SAHABAT ELEKTRIK CIRACAS', 'Jln. Raya Poncol No 11+2 Ciracas ', '', '', '', 0, 'SLS14', NULL, '2020-11-23 16:26:25', '2020-11-23 16:26:25'),
	('CUS0602', 'SAIONODIN', '  ', '', '', '', 0, 'SLS06', NULL, '2020-11-23 16:26:25', '2020-11-23 16:26:25'),
	('CUS0603', 'SAKHKA ELEKTRIK', 'Kenari Mas Lt. GF Blok D 130 ', '021-390-7431', '', '', 0, 'SLS01', NULL, '2020-11-23 16:26:25', '2020-11-23 19:23:16'),
	('CUS0604', 'SAMSUL', '  ', '0813-8491-4151', '', '', 0, 'SLS14', NULL, '2020-11-23 16:26:25', '2020-11-23 19:23:17'),
	('CUS0605', 'SAMUDERA CIBUBUR', 'Ruko Rafles Hills Blok AD1 Cibubur Jaktim ', '021-844-8418', '', '', 0, 'SLS04', NULL, '2020-11-23 16:26:25', '2020-11-23 19:23:17'),
	('CUS0606', 'SAMUDRA ELEKTRIK', 'Kenari Mas Aks Lt. Dasar 173  ', '', '', '', 0, 'SLS01', NULL, '2020-11-23 16:26:25', '2020-11-23 16:26:25'),
	('CUS0607', 'SAN SURYA', 'Otista  ', '', '', '', 0, 'SLS07', NULL, '2020-11-23 16:26:25', '2020-11-23 16:26:25'),
	('CUS0608', 'SAN SURYA', 'Dewi Sartika  ', '', '', '', 0, 'SLS11', NULL, '2020-11-23 16:26:25', '2020-11-23 16:26:25'),
	('CUS0609', 'SANJAYA', 'Kenari Mas Lt. 1 F1 No. 25 ', '021-319-02288', '', '', 0, 'SLS01', NULL, '2020-11-23 16:26:25', '2020-11-23 19:23:17'),
	('CUS0610', 'SANMA ELEKTRIK', 'Komp Duta Mas Plaza Blk G/15 Taman Cibodas ', '0856-9472-6968', '', '', 0, 'SLS14', NULL, '2020-11-23 16:26:25', '2020-11-23 19:23:17'),
	('CUS0611', 'SANTO MCB', 'Jakarta  ', '', '', '', 0, 'SLS01', NULL, '2020-11-23 16:26:25', '2020-11-23 16:26:25'),
	('CUS0612', 'SARANA ILHAM', 'Jl Cempaka Baru  ', '', '', '', 0, 'SLS07', NULL, '2020-11-23 16:26:25', '2020-11-23 16:26:25'),
	('CUS0613', 'SARANA MAKMUR', 'Kranji  ', '', '', '', 0, 'SLS09', NULL, '2020-11-23 16:26:25', '2020-11-23 16:26:25'),
	('CUS0614', 'SARANA MAKMUR', 'Bekasi  ', '', '', '', 0, 'SLS09', NULL, '2020-11-23 16:26:25', '2020-11-23 16:26:25'),
	('CUS0615', 'SARANA MAS', 'Kenari Mas Lt .3 Blok J No. 148 ', '021-398-42729', '', '', 0, 'SLS01', NULL, '2020-11-23 16:26:25', '2020-11-23 19:23:17'),
	('CUS0616', 'SEDERHANA', 'Jl. Raya Pamulang 2 Blok F No. 55 - Benda Timur 10 Benda Baru Pamulang -Tgr', '', '', '', 0, 'SLS04', NULL, '2020-11-23 16:26:25', '2020-11-23 16:26:25'),
	('CUS0617', 'SEIKO', 'Jakarta  ', '', '', '', 0, 'SLS08', NULL, '2020-11-23 16:26:25', '2020-11-23 16:26:25'),
	('CUS0618', 'SEJAHTERA', 'Kenari Mas Lt. II Blok H Mmo 136 ', '', '', '', 0, 'SLS01', NULL, '2020-11-23 16:26:25', '2020-11-23 16:26:25'),
	('CUS0619', 'SEJAHTERA ELEKTRIK', 'Kenari Mas Lt. 2 Blok H  ', '', '', '', 0, 'SLS01', NULL, '2020-11-23 16:26:25', '2020-11-23 16:26:25'),
	('CUS0620', 'SEMPURNA ELEKTRIK TEKNIK', 'Shopping Street Ss01 / 23 Citra Indah ', '0812-9352-4576', '', '', 0, 'SLS04', NULL, '2020-11-23 16:26:25', '2020-11-23 19:23:17'),
	('CUS0621', 'SENTRAL ELEKTRIK', 'Jl. Karet Pendurenan Masjid 3 RT 3/ 4 No. 46 - Jaksel ', '', '', '', 0, 'SLS14', NULL, '2020-11-23 16:26:25', '2020-11-23 16:26:25'),
	('CUS0622', 'SENTRAL KALI BARU', 'Cilincing  ', '', '', '', 0, 'SLS04', NULL, '2020-11-23 16:26:25', '2020-11-23 16:26:25'),
	('CUS0623', 'SENTRAL LISTRIK', 'Jl. Kalibaru Barat VIIII No 28 Cilincing ', '021-973-94341', '', '', 0, 'SLS03', NULL, '2020-11-23 16:26:25', '2020-11-23 19:23:17'),
	('CUS0624', 'SENTRAL LISTRIK', 'Jl Kali Baru Jakarta Utara  ', '', '', '', 0, 'SLS04', NULL, '2020-11-23 16:26:25', '2020-11-23 16:26:25'),
	('CUS0625', 'SENTRAL TEKNIK', 'Jl Rajiman  ', '', '', '', 0, 'SLS08', NULL, '2020-11-23 16:26:25', '2020-11-23 16:26:25'),
	('CUS0626', 'SETIA BUDI', 'Tangerang  ', '', '', '', 0, 'SLS14', NULL, '2020-11-23 16:26:25', '2020-11-23 16:26:25'),
	('CUS0627', 'SETIA JAYA MULIA', 'Ltc Glodok Lt. UG Blok A23 No. 5 ', '021-623-21007', '', '', 0, 'SLS14', NULL, '2020-11-23 16:26:25', '2020-11-23 19:23:17'),
	('CUS0628', 'SETIA JAYA TEKNIK', 'Jl. Cinere Raya No. 8A/B  ', '0812-8046-493', '', '', 0, 'SLS12', NULL, '2020-11-23 16:26:25', '2020-11-23 19:23:17'),
	('CUS0629', 'SHARIL', 'Jakarta  ', '', '', '', 0, 'SLS01', NULL, '2020-11-23 16:26:25', '2020-11-23 16:26:25'),
	('CUS0630', 'SIM BANDUNG', 'Komp. Pasadena Blok B3 No. 26 Bandung ', '022-888-86028', '', '', 0, 'SLS13', NULL, '2020-11-23 16:26:25', '2020-11-23 19:23:17'),
	('CUS0631', 'SINAR ABADI', 'Jl. Kembangan Raya No. 48 RT.04/03 Kembangan - Jakarta Barat', '', '', '', 0, 'SLS12', NULL, '2020-11-23 16:26:25', '2020-11-23 16:26:25'),
	('CUS0632', 'SINAR ABADI', 'Jl Pasar Jatinegara  ', '021-851-8931', '', '', 0, 'SLS08', NULL, '2020-11-23 16:26:25', '2020-11-23 19:23:17'),
	('CUS0633', 'SINAR ABADI JONGGOL', 'Jl. Raya Jonggol Cileungsi  ', '0812-9084-3939', '', '', 0, 'SLS08', NULL, '2020-11-23 16:26:25', '2020-11-23 19:23:17'),
	('CUS0634', 'SINAR AGUNG', 'Jl. Prof M. Yamin No. 8 Pasar Abru Bekasi - Pertigaan Sblm Rel-Sblah Bengkel Motor', '', '', '', 0, 'SLS04', NULL, '2020-11-23 16:26:25', '2020-11-23 16:26:25'),
	('CUS0635', 'SINAR AGUNG', 'Jl. Moh Kafi II No.18 Lor Asem Jakarta Selatan ', '021-788-82017', '', '', 0, 'SLS12', NULL, '2020-11-23 16:26:25', '2020-11-23 19:23:17'),
	('CUS0636', 'SINAR AGUNG', 'Jl. H. Samali No. 67  ', '', '', '', 0, 'SLS04', NULL, '2020-11-23 16:26:25', '2020-11-23 16:26:25'),
	('CUS0637', 'SINAR AGUNG', 'Sumur Batu No. 1  ', '021-420-0831', '', '', 0, 'SLS14', NULL, '2020-11-23 16:26:25', '2020-11-23 19:23:17'),
	('CUS0638', 'SINAR AGUNG', 'Jl. Raya Condet  ', '0813-5253-1622', '', '', 0, 'SLS14', NULL, '2020-11-23 16:26:25', '2020-11-23 19:23:17'),
	('CUS0639', 'SINAR AKS', 'Kenari Aks No 60  ', '021-230-5810', '', '', 0, 'SLS01', NULL, '2020-11-23 16:26:25', '2020-11-23 19:23:17'),
	('CUS0640', 'SINAR BANTEN', 'Jakarta  ', '', '', '', 0, 'SLS01', NULL, '2020-11-23 16:26:25', '2020-11-23 16:26:25'),
	('CUS0641', 'SINAR BARU', 'Rawa Badak Jl. B Terusan No. 17 RT 01/ 19 Rawa Badak Utara', '', '', '', 0, 'SLS14', NULL, '2020-11-23 16:26:25', '2020-11-23 16:26:25'),
	('CUS0642', 'SINAR BARU', 'Jl Akses Ui No. 7 Kelapa Dua - Depok ', '0812-9077-692', '', '', 0, 'SLS12', NULL, '2020-11-23 16:26:25', '2020-11-23 19:23:17'),
	('CUS0643', 'SINAR BARU', 'Kenari Aks  ', '', '', '', 0, 'SLS01', NULL, '2020-11-23 16:26:25', '2020-11-23 16:26:25'),
	('CUS0644', 'SINAR BARU', 'Setia Budi  ', '', '', '', 0, 'SLS04', NULL, '2020-11-23 16:26:25', '2020-11-23 16:26:25'),
	('CUS0645', 'SINAR BARU', 'Jl. Sumur Batu Raya No. 6  ', '0895-3771-36593\r\n', '', '', 0, 'SLS08', NULL, '2020-11-23 16:26:25', '2020-11-23 19:23:17'),
	('CUS0646', 'SINAR BARU', 'Jl. Sma 14 - Cawang  ', '', '', '', 0, 'SLS12', NULL, '2020-11-23 16:26:25', '2020-11-23 16:26:25'),
	('CUS0647', 'SINAR BARU', 'Condet  ', '', '', '', 0, 'SLS14', NULL, '2020-11-23 16:26:25', '2020-11-23 16:26:25'),
	('CUS0648', 'SINAR BARU 2', 'Jl. Bayangkara No. 47 RT.009/1 Kel Tugu Utara Kec Koja Jakut ', '021-439-5487', '', '', 0, 'SLS08', NULL, '2020-11-23 16:26:25', '2020-11-23 19:23:17'),
	('CUS0649', 'SINAR BARU LISTRIK', 'Jl Bhyangkara Koja  ', '', '', '', 0, 'SLS04', NULL, '2020-11-23 16:26:25', '2020-11-23 16:26:25'),
	('CUS0650', 'SINAR BARU SURABAYA', 'Jl. Sidoyoso 1 No. 15 Surabaya ', '', 'Koh Willy', '', 0, 'SLS14', NULL, '2020-11-23 16:26:25', '2020-11-23 16:26:25'),
	('CUS0651', 'SINAR BERKAH', 'Utan Panjang  ', '', '', '', 0, 'SLS07', NULL, '2020-11-23 16:26:25', '2020-11-23 16:26:25'),
	('CUS0652', 'SINAR BERKAH (H.E)', 'Jl. Masjid Rawa Bacang Pondok Melati - Bekasi ', '', '', '', 0, 'SLS08', NULL, '2020-11-23 16:26:25', '2020-11-23 16:26:25'),
	('CUS0653', 'SINAR BINTANG', 'Jl Pal Merah  ', '', '', '', 0, 'SLS11', NULL, '2020-11-23 16:26:25', '2020-11-23 16:26:25'),
	('CUS0654', 'SINAR BUANA', 'Jln Wates Kadipiro No 20  ', '0856-9499-8998', '', '', 0, 'SLS04', NULL, '2020-11-23 16:26:25', '2020-11-23 19:23:17'),
	('CUS0655', 'SINAR BUANA', 'Jakarta  ', '', '', '', 0, 'SLS14', NULL, '2020-11-23 16:26:25', '2020-11-23 16:26:25'),
	('CUS0656', 'SINAR BUDI', 'Sunter  ', '', '', '', 0, 'SLS14', NULL, '2020-11-23 16:26:25', '2020-11-23 16:26:25'),
	('CUS0657', 'SINAR CAHAYA ABADI', 'Cikampek  ', '', '', '', 0, 'SLS04', NULL, '2020-11-23 16:26:25', '2020-11-23 16:26:25'),
	('CUS0658', 'SINAR COMET 3', 'Ruko Bukit Dago Blok AA4 No. 11 Smpg Indomrt ', '0812-9900-0650', '', '', 0, 'SLS04', NULL, '2020-11-23 16:26:25', '2020-11-23 19:23:17'),
	('CUS0659', 'SINAR DEWI', 'Jakarta  ', '021-398-45741', '', '', 0, 'SLS01', NULL, '2020-11-23 16:26:25', '2020-11-23 19:23:17'),
	('CUS0660', 'SINAR DUNIA', 'Jl Veteran 68 Solo  ', '021-271-633512', '', '', 0, 'SLS04', NULL, '2020-11-23 16:26:25', '2020-11-23 19:23:17'),
	('CUS0661', 'SINAR ELEKTRIK', 'Ruko Glodok Plaza Blok F No. 98 - Jl.Hayam Wuruk ', '021-639-7289', '', '', 0, 'SLS08', NULL, '2020-11-23 16:26:25', '2020-11-23 19:23:17'),
	('CUS0662', 'SINAR ELEKTRIK', 'Jl. Mampang Prapatan VI No. 46 RT.003/002 ', '', '', '', 0, 'SLS04', NULL, '2020-11-23 16:26:25', '2020-11-23 16:26:25'),
	('CUS0663', 'SINAR ELEKTRIK', 'Glodok  ', '', '', '', 0, 'SLS14', NULL, '2020-11-23 16:26:25', '2020-11-23 16:26:25'),
	('CUS0664', 'SINAR FAJAR', 'Jl Kemandoran RT 07/22 Tugu Pekayon Jaya (Sp Indomart )', '', '', '', 0, 'SLS14', NULL, '2020-11-23 16:26:25', '2020-11-23 16:26:25'),
	('CUS0665', 'SINAR FAJAR', 'J. Raya Cirende No. 1  ', ' 021-7415-605', '', '', 0, 'SLS12', NULL, '2020-11-23 16:26:25', '2020-11-23 19:23:17'),
	('CUS0666', 'SINAR HARAPAN', 'Jakarta  ', '0812-9269-037', '', '', 0, 'SLS01', NULL, '2020-11-23 16:26:25', '2020-11-23 19:23:17'),
	('CUS0667', 'SINAR HIDAYAH', 'Jl Kh Ahmad Dahlan No 48 Petir Cipondoh ', '', '', '', 0, 'SLS03', NULL, '2020-11-23 16:26:25', '2020-11-23 16:26:25'),
	('CUS0668', 'SINAR HOKI', 'Bekasi  ', '', '', '', 0, 'SLS14', NULL, '2020-11-23 16:26:25', '2020-11-23 16:26:25'),
	('CUS0669', 'SINAR JAYA', 'Jl. Jatayu No 1 - Kebayoran Smping Aprt One Park Gandaria Jaksel', '021-739-8057', '', '', 0, 'SLS04', NULL, '2020-11-23 16:26:25', '2020-11-23 19:23:17'),
	('CUS0670', 'SINAR JAYA', 'Kenari Mas  ', '', '', '', 0, 'SLS01', NULL, '2020-11-23 16:26:25', '2020-11-23 16:26:25'),
	('CUS0671', 'SINAR JAYA', 'Muara Karang  ', '', '', '', 0, 'SLS14', NULL, '2020-11-23 16:26:25', '2020-11-23 16:26:25'),
	('CUS0672', 'SINAR JAYA', 'Cempaka Putih  ', '', '', '', 0, 'SLS14', NULL, '2020-11-23 16:26:25', '2020-11-23 16:26:25'),
	('CUS0673', 'SINAR JAYA  MANDIRI', 'Kenari Mas Blok D No 110A Lt. GF Depan Parkiran Ga ', '0813-2685-7824', '', '', 0, 'SLS01', NULL, '2020-11-23 16:26:25', '2020-11-23 19:23:18'),
	('CUS0674', 'SINAR JAYA ( AKS )', 'Ps. Kenari Aks Lt. Dasar No. 17 ', '021-314-0375', '', '', 0, 'SLS01', NULL, '2020-11-23 16:26:25', '2020-11-23 19:23:18'),
	('CUS0675', 'SINAR JAYA ( ASEN )', 'Kalisari  ', '', '', '', 0, 'SLS14', NULL, '2020-11-23 16:26:25', '2020-11-23 16:26:25'),
	('CUS0676', 'SINAR JAYA ( CIKOKO)', 'Jl. Pengadegan Utara ( Cikoko) RT 05/02 No 4 ', '0899-0094-285', '', '', 0, 'SLS04', NULL, '2020-11-23 16:26:25', '2020-11-23 19:23:18'),
	('CUS0677', 'SINAR JAYA BANDUNG', 'Jl Banceuy  ', '', '', '', 0, 'SLS04', NULL, '2020-11-23 16:26:25', '2020-11-23 16:26:25'),
	('CUS0678', 'SINAR JAYA BANGGUNAN', 'Ruko Pesona Harapan Indah No.1-4 Jl. Pejuang - Dpn.Pasar Family', '021-889-79497', '', '', 0, 'SLS14', NULL, '2020-11-23 16:26:25', '2020-11-23 19:23:18'),
	('CUS0679', 'SINAR JAYA ELEKTRIK', 'Depok  ', '', '', '', 0, 'SLS08', NULL, '2020-11-23 16:26:25', '2020-11-23 16:26:25'),
	('CUS0680', 'SINAR JAYA MANDIRI', 'Kenari Mas Lt. 2 Blok G No. 55-56 ', '021-212-32552', '', '', 0, 'SLS01', NULL, '2020-11-23 16:26:25', '2020-11-23 19:23:18'),
	('CUS0681', 'SINAR KARUNIA E', 'Plaza Kenri Ma Lt 2 Blok G No 40 ', '0813-6300-9070', '', '', 0, 'SLS01', NULL, '2020-11-23 16:26:25', '2020-11-23 19:23:18'),
	('CUS0682', 'SINAR KEDOYA ELEKTRIK', 'Kedoya  ', '', '', '', 0, 'SLS11', NULL, '2020-11-23 16:26:25', '2020-11-23 16:26:25'),
	('CUS0683', 'SINAR KEMALA E', 'Kenari Mas Lt. 1 Blok F No. 25 ', '0813-8265-7996', '', '', 0, 'SLS01', NULL, '2020-11-23 16:26:25', '2020-11-23 19:23:18'),
	('CUS0684', 'SINAR KLATEN MULIA', 'Jl. Pahlawan No 26 Ciputat Tangsel ', '0813-9330-2060', '', '', 0, 'SLS04', NULL, '2020-11-23 16:26:25', '2020-11-23 19:23:18'),
	('CUS0685', 'SINAR LESTARI', 'Jl. Kalimati - Komp. Taman Hid No. 82 ', '', '', '', 0, 'SLS14', NULL, '2020-11-23 16:26:25', '2020-11-23 16:26:25'),
	('CUS0686', 'SINAR LIGHTING', 'Pinangsia No36  ', '021-626-8808', '', '', 0, 'SLS14', NULL, '2020-11-23 16:26:25', '2020-11-23 19:23:18'),
	('CUS0687', 'SINAR LISTRIK', 'Ground D48  ', '', '', '', 0, 'SLS01', NULL, '2020-11-23 16:26:25', '2020-11-23 16:26:25'),
	('CUS0688', 'SINAR LISTRIK', 'Kenari Mas Lt. LG Blok B-9  ', '', '', '', 0, 'SLS01', NULL, '2020-11-23 16:26:25', '2020-11-23 16:26:25'),
	('CUS0689', 'SINAR MAJU ELEKTRIK', 'Plaza Kenari Mas Lt F1 Blk F No. 71 ', '021-364-15233', '', '', 0, 'SLS01', NULL, '2020-11-23 16:26:25', '2020-11-23 19:23:18'),
	('CUS0690', 'SINAR MAJU SERANG', 'Jl. Veteran 48 B ( Dekat Bank Bni ) Serang', '', 'Ci Aching / Ko Ongking', '', 0, 'SLS13', NULL, '2020-11-23 16:26:25', '2020-11-23 16:26:25'),
	('CUS0691', 'SINAR MAS', 'Kenari Mas Lt. II G 57  ', '0812-9799-083', '', '', 0, 'SLS01', NULL, '2020-11-23 16:26:25', '2020-11-23 19:23:18'),
	('CUS0692', 'SINAR MAS', 'Kenari Mas F II  ', '0812-9799-083', '', '', 0, 'SLS01', NULL, '2020-11-23 16:26:25', '2020-11-23 19:23:18'),
	('CUS0693', 'SINAR MAS', 'Jl Tuparef No349 B  ', '0267-4012-85', '', '', 0, 'SLS03', NULL, '2020-11-23 16:26:25', '2020-11-23 19:23:18'),
	('CUS0694', 'SINAR MATAHARI', 'Jl. Otista II No.16A Cawang Jakarta Timur ', '021-850-2922', '', '', 0, 'SLS12', NULL, '2020-11-23 16:26:25', '2020-11-23 19:23:18'),
	('CUS0695', 'SINAR MULYA', 'Kenari Lama Lt. Dasar Aks No. 57 ', '', '', '', 0, 'SLS01', NULL, '2020-11-23 16:26:25', '2020-11-23 16:26:25'),
	('CUS0696', 'SINAR MUTIARA', 'Jl Kramat Jati  ', '', '', '', 0, 'SLS06', NULL, '2020-11-23 16:26:25', '2020-11-23 16:26:25'),
	('CUS0697', 'SINAR MUTIARA SUKSES', 'Kenari Mas Lantai Ground Blok D No 116 ', '021-319-02007', '', '', 0, 'SLS01', NULL, '2020-11-23 16:26:25', '2020-11-23 19:23:18'),
	('CUS0698', 'SINAR PRATAMA', 'Jl. Wibawa Mukti II Ruko No. 4  Jatisari Jqatiasih', '', '', '', 0, 'SLS14', NULL, '2020-11-23 16:26:25', '2020-11-23 16:26:25'),
	('CUS0699', 'SINAR SAKTI', 'Ampera  ', '021-789-1506', '', '', 0, 'SLS04', NULL, '2020-11-23 16:26:25', '2020-11-23 19:23:18'),
	('CUS0700', 'SINAR SAKTI ELEKTRIK', 'Jl. Raya Buaran ( Ruko Buaran) No. 124 - Serpong ', '0813-1452-5296', '', '', 0, 'SLS04', NULL, '2020-11-23 16:26:25', '2020-11-23 19:23:18'),
	('CUS0701', 'SINAR SAUDARA', 'Kenari Mas Blok D 113 - Lt. Ground ', '0811-1894-140', '', '', 0, 'SLS01', NULL, '2020-11-23 16:26:25', '2020-11-23 19:23:18'),
	('CUS0702', 'SINAR SUKSES', 'Kenari Baru  ', '021-391-4479', '', '', 0, 'SLS01', NULL, '2020-11-23 16:26:25', '2020-11-23 19:23:18'),
	('CUS0703', 'SINAR SUKSES', 'Cakung  ', '', '', '', 0, 'SLS09', NULL, '2020-11-23 16:26:25', '2020-11-23 16:26:25'),
	('CUS0704', 'SINAR SURYA', 'Jl. Ir.H. Juanda 107 RT006/001 Ciputat Timur - Tangerang ', '021-743-3008', '', '', 0, 'SLS12', NULL, '2020-11-23 16:26:25', '2020-11-23 19:23:18'),
	('CUS0705', 'SINAR TEFILLAH MAS', 'Kenari Mas Lt. 3 No. J128-J135  ', '', '', '', 0, 'SLS01', NULL, '2020-11-23 16:26:25', '2020-11-23 16:26:25'),
	('CUS0706', 'SINAR TERANG', 'Jl. Kh M Usman No. 29 Biji - Depok ', '0812-9979-2048', '', '', 0, 'SLS12', NULL, '2020-11-23 16:26:25', '2020-11-23 19:23:18'),
	('CUS0707', 'SINAR TERANG', 'Jl. Ruko Paramount Blok Ba 4/36 Gading - Serpong ', '021-546-7459', '', '', 0, 'SLS08', NULL, '2020-11-23 16:26:25', '2020-11-23 19:23:18'),
	('CUS0708', 'SINAR TERANG', 'Jl. Taruna No. 54/4 Pulogadung - Jaktim ', '', '', '', 0, 'SLS04', NULL, '2020-11-23 16:26:25', '2020-11-23 16:26:25'),
	('CUS0709', 'SINAR TERANG', 'Jl.Dr Wahidin 87B Pekalongan  ', '', '', '', 0, 'SLS13', NULL, '2020-11-23 16:26:25', '2020-11-23 16:26:25'),
	('CUS0710', 'SINAR TERANG', 'Jl. Mejobo No. 15 Kudus ', '', '', '', 0, 'SLS13', NULL, '2020-11-23 16:26:25', '2020-11-23 16:26:25'),
	('CUS0711', 'SINAR TERANG LESTARI', 'Jl. Kalisari Raya RT 09/3 No 4  Pasar Rebo ', '0813-8831-8886', '', '', 0, 'SLS16', NULL, '2020-11-23 16:26:25', '2020-11-23 19:23:18'),
	('CUS0712', 'SINAR TERANG LESTARI', 'Jl Raya Kalisari Gg Lestari Cijantung ', '', '', '', 0, 'SLS14', NULL, '2020-11-23 16:26:25', '2020-11-23 16:26:25'),
	('CUS0713', 'SINAR VUNA ELETRIK', 'Kenari Mas F2 H118  ', '021-316-2547', '', '', 0, 'SLS01', NULL, '2020-11-23 16:26:25', '2020-11-23 19:23:18'),
	('CUS0714', 'SINAR WAHANA', 'Ps Kenari Baru Lt. Dasar Blok A No. 11 ', '021-315-8363', '', '', 0, 'SLS01', NULL, '2020-11-23 16:26:25', '2020-11-23 19:23:18'),
	('CUS0715', 'SINARSINDO ABADI', 'Kenari Mas Lt. 2 Blok H No. 132-135 ', '', '', '', 0, 'SLS01', NULL, '2020-11-23 16:26:25', '2020-11-23 16:26:25'),
	('CUS0716', 'SIRHAN ELECTRIK', 'Jl. Skip RT. 05/07 No.07 Utan Kayu Selatan - Matraman ', '', '', '', 0, 'SLS14', NULL, '2020-11-23 16:26:25', '2020-11-23 16:26:25'),
	('CUS0717', 'SIS ELEKTRIK', 'Jl. Bintara 9 RT 03 / 05 No. 35 Gg  G - Bekasi Barat ', '0812-1002-6930', '', '', 0, 'SLS16', NULL, '2020-11-23 16:26:25', '2020-11-23 19:23:18'),
	('CUS0718', 'SISI JAYA', 'Kenari Baru ( Selah Widi El. ) Lt. 3 B10 CI', '021-391-4288', '', '', 0, 'SLS01', NULL, '2020-11-23 16:26:25', '2020-11-23 19:23:18'),
	('CUS0719', 'SJ', 'Jl. Warakas 4 Gg 13 RT.08/11 No. 39 Jakarta Utara ', '0812-8657-3471', 'Bang Jaya', '', 0, 'SLS05', NULL, '2020-11-23 16:26:25', '2020-11-23 19:23:18'),
	('CUS0720', 'SMART ELEKTRIK', 'Jl. Raya Danau Sunter Indah  ', '0812-8933-9391', '', '', 0, 'SLS13', NULL, '2020-11-23 16:26:25', '2020-11-23 19:23:19'),
	('CUS0721', 'SMART LED', 'Kenari Mas Lt. 3 Blok J 158  ', '', '', '', 0, 'SLS01', NULL, '2020-11-23 16:26:25', '2020-11-23 16:26:25'),
	('CUS0722', 'SNAR MAJU', 'Pangkalan Asem No. 13 Dekat Apotik Pancaprima ', '', '', '', 0, 'SLS14', NULL, '2020-11-23 16:26:25', '2020-11-23 16:26:25'),
	('CUS0723', 'SOFYAN ELEKTRIK', 'Karawang  ', '', '', '', 0, 'SLS03', NULL, '2020-11-23 16:26:25', '2020-11-23 16:26:25'),
	('CUS0724', 'SOPHIA', 'Jl.Kampung Rawa  ', '021-425-6784', '', '', 0, 'SLS14', NULL, '2020-11-23 16:26:25', '2020-11-23 19:23:19'),
	('CUS0725', 'STAR LED', 'Kenari Mas Blok F Lt. 1 No 63 ', '0812-2009-619', '', '', 0, 'SLS01', NULL, '2020-11-23 16:26:25', '2020-11-23 19:23:19'),
	('CUS0726', 'SUAMI BU ERNI', 'Jakarta  ', '', '', '', 0, 'SLS11', NULL, '2020-11-23 16:26:25', '2020-11-23 16:26:25'),
	('CUS0727', 'SUARA BARU', 'Jl. Setia Budi Barat No. 26  ', '', '', '', 0, 'SLS04', NULL, '2020-11-23 16:26:25', '2020-11-23 16:26:25'),
	('CUS0728', 'SUBUR JAYA', 'Ruko Cempaka Mas Blok M1 No. 41 ', '021-424-2894', '', '', 0, 'SLS14', NULL, '2020-11-23 16:26:25', '2020-11-23 19:23:19'),
	('CUS0729', 'SUBUR MAS SENTOSA', 'Kenari Mas Lt. F1 No. 99-100  ', '021-290-75289', '', '', 0, 'SLS01', NULL, '2020-11-23 16:26:25', '2020-11-23 19:23:19'),
	('CUS0730', 'SUCI TEKNIK', 'Kenari Aks Lantai Dasar No 21 ', '021-314-5822', '', '', 0, 'SLS01', NULL, '2020-11-23 16:26:25', '2020-11-23 19:23:19'),
	('CUS0731', 'SUFAT', 'Condet  ', '0815-1144-7331', '', '', 0, 'SLS09', NULL, '2020-11-23 16:26:25', '2020-11-23 19:23:19'),
	('CUS0732', 'SUGIAN', 'Blk C2 No8 Kosambi Baru  ', '0856-7493-608', '', '', 0, 'SLS01', NULL, '2020-11-23 16:26:25', '2020-11-23 19:23:19'),
	('CUS0733', 'SUGIARTI', '  ', '', '', '', 0, 'SLS14', NULL, '2020-11-23 16:26:25', '2020-11-23 16:26:25'),
	('CUS0734', 'SUKSES LIGHTING', 'Pinangsia Raya No58  ', '', '', '', 0, 'SLS08', NULL, '2020-11-23 16:26:25', '2020-11-23 16:26:25'),
	('CUS0735', 'SUMBER ABADI', 'Kenari Baru Blok C Lt. Dasar ', '021-315-8134', '', '', 0, 'SLS01', NULL, '2020-11-23 16:26:25', '2020-11-23 19:23:19'),
	('CUS0736', 'SUMBER ABADI ( AKS )', 'Kenari Aks Lt. Dasar  ', '021-319-35115', '', '', 0, 'SLS01', NULL, '2020-11-23 16:26:25', '2020-11-23 19:23:19'),
	('CUS0737', 'SUMBER ALAM 5', 'Jl. Raya Ksu Parung Serab Tirta Jaya - Sukmajaya Depok', '', '', '', 0, 'SLS04', NULL, '2020-11-23 16:26:25', '2020-11-23 16:26:25'),
	('CUS0738', 'SUMBER BERKAT', 'Jl Kapasari 3 No 23  ', '', '', '', 0, 'SLS04', NULL, '2020-11-23 16:26:25', '2020-11-23 16:26:25'),
	('CUS0739', 'SUMBER BERSAUDARA', 'Kenari Mas Lt F2 Blok H ', '', '', '', 0, 'SLS01', NULL, '2020-11-23 16:26:25', '2020-11-23 16:26:25'),
	('CUS0740', 'SUMBER CAHAYA', 'Kenari Mas Blok A  No. 8  ', '021-398-42794', '', '', 0, 'SLS01', NULL, '2020-11-23 16:26:25', '2020-11-23 19:23:19'),
	('CUS0741', 'SUMBER CAHAYA', 'Jl. Kedoya Pesing No. 17B ', '', '', '', 0, 'SLS14', NULL, '2020-11-23 16:26:25', '2020-11-23 16:26:25'),
	('CUS0742', 'SUMBER CAHAYA ( KO DANI )', 'Jl. Dr Wahidin No. 26 Psr. Jambi 36113 ', '0821-8635-8068', '', '', 0, 'SLS14', NULL, '2020-11-23 16:26:25', '2020-11-23 19:23:19'),
	('CUS0743', 'SUMBER CAHAYA BARU', 'Ltc Glodok,Lt GF2 Blk B8 No 5  ', '021-623-20357', '', '', 0, 'SLS02', NULL, '2020-11-23 16:26:25', '2020-11-23 19:23:19'),
	('CUS0744', 'SUMBER CAHAYA DELIMA', 'Lt.  1 Blok F No 65  ', '0821-1423-9794', '', '', 0, 'SLS01', NULL, '2020-11-23 16:26:25', '2020-11-23 19:23:19'),
	('CUS0745', 'SUMBER CAHAYA ELEKTRIK RATNA', 'Bekasi  ', '', '', '', 0, 'SLS04', NULL, '2020-11-23 16:26:25', '2020-11-23 16:26:25'),
	('CUS0746', 'SUMBER CAHAYA NUSANTARA', 'Depok  ', '0813-7018-1044', '', '', 0, 'SLS04', NULL, '2020-11-23 16:26:25', '2020-11-23 19:23:19'),
	('CUS0747', 'SUMBER HARAPAN', 'Psr. Kenari Baru Lt Dasar Blok A No. 2-3 ', '021-315-8511', '', '', 0, 'SLS01', NULL, '2020-11-23 16:26:25', '2020-11-23 19:23:19'),
	('CUS0748', 'SUMBER JAYA', 'Kenari Baru  ', '021-315-8141', '', '', 0, 'SLS01', NULL, '2020-11-23 16:26:25', '2020-11-23 19:23:19'),
	('CUS0749', 'SUMBER LISTRIK', 'Kenari Baru  ', '', '', '', 0, 'SLS01', NULL, '2020-11-23 16:26:25', '2020-11-23 16:26:25'),
	('CUS0750', 'SUMBER LISTRIK', 'Bekasi  ', '', '', '', 0, 'SLS04', NULL, '2020-11-23 16:26:25', '2020-11-23 16:26:25'),
	('CUS0751', 'SUMBER MATERIAL', 'Jl Komplek Permata Depok  ', '0812-8138-091', 'Suhardi. W ( Acong )', '', 0, 'SLS14', NULL, '2020-11-23 16:26:25', '2020-11-23 19:23:19'),
	('CUS0752', 'SUMBER PANEL ELEKTRIK', 'Kenari Mas Lt. Ground Depan Toko Universal', '', '', '', 0, 'SLS01', NULL, '2020-11-23 16:26:25', '2020-11-23 16:26:25'),
	('CUS0753', 'SUMBER REJEKI', 'Jakarta  ', '', '', '', 0, 'SLS01', NULL, '2020-11-23 16:26:25', '2020-11-23 16:26:25'),
	('CUS0754', 'SUMBER REZEKI', 'Kenari Baru, Jakarta  ', '021-315-8354', '', '', 0, 'SLS01', NULL, '2020-11-23 16:26:25', '2020-11-23 19:23:19'),
	('CUS0755', 'SUMBER SUKSES', 'Psr Kenari Baru Lt. Dasar   Blok E No. 5 ', '021-391-4284', 'Ronaldo', '', 0, 'SLS01', NULL, '2020-11-23 16:26:25', '2020-11-23 19:23:19'),
	('CUS0756', 'SUMBER SURYA', 'Kenari Mas Lt. Ground Blok D No. 122 ', '', '', '', 0, 'SLS01', NULL, '2020-11-23 16:26:25', '2020-11-23 16:26:25'),
	('CUS0757', 'SUMBER TERANG', 'Ruko Orchid Blok Be.Oa No. 10 - Ciyta Indah Jonggol', '', '', '', 0, 'SLS04', NULL, '2020-11-23 16:26:25', '2020-11-23 16:26:25'),
	('CUS0758', 'SUMBER TERANG', 'Jl Rentara Pelajar 47  ', '', '', '', 0, 'SLS04', NULL, '2020-11-23 16:26:25', '2020-11-23 16:26:25'),
	('CUS0759', 'SUMBER TERANG', 'Kota  ', '', '', '', 0, 'SLS08', NULL, '2020-11-23 16:26:25', '2020-11-23 16:26:25'),
	('CUS0760', 'SUNLAI JAYA', 'Jl. Menceng Raya Jakarta Barat ', '0812-188-', '', '', 0, 'SLS12', NULL, '2020-11-23 16:26:25', '2020-11-23 19:23:19'),
	('CUS0761', 'SURYA AGUNG ELEKTRIK', 'Jl. Kedoya Duri Raya No 7 Depan Alfamart Jakbar ', '0812-8194-2999', '', '', 0, 'SLS04', NULL, '2020-11-23 16:26:25', '2020-11-23 19:23:19'),
	('CUS0762', 'SURYA AGUNG GN PUTRI', 'Griya Bukit Jaya Blok L4 No 21 RT 007/017 Bojong Nangka Gn Putri', '0812-8194-2999', '', '', 0, 'SLS04', NULL, '2020-11-23 16:26:25', '2020-11-23 19:23:19'),
	('CUS0763', 'SURYA ELEKTRONIK', 'Jl. Moh Kafi I No 10 Ciganjur - Jaksel ', '021-788-81008', '', '', 0, 'SLS12', NULL, '2020-11-23 16:26:25', '2020-11-23 19:23:19'),
	('CUS0764', 'SURYA GEMILANG ELEKTRIK', 'Kenari Mas FI Blok S No 101A ', '021-293-88530', '', '', 0, 'SLS01', NULL, '2020-11-23 16:26:25', '2020-11-23 19:23:19'),
	('CUS0765', 'SURYA INDAH', 'Kenari Mas  ', '021-398-42740', '', '', 0, 'SLS01', NULL, '2020-11-23 16:26:25', '2020-11-23 19:23:19'),
	('CUS0766', 'SURYA JAYA MAS', 'Bukit Boungenville  Blok AI26/27 - Jonggol ', '', '', '', 0, 'SLS04', NULL, '2020-11-23 16:26:25', '2020-11-23 16:26:25'),
	('CUS0767', 'SURYA KARUNIA ELECTRIC', 'Kenari Mas Lt.LG Blok B 187  ', '0812-8930-2209', '', '', 0, 'SLS01', NULL, '2020-11-23 16:26:25', '2020-11-23 19:23:19'),
	('CUS0768', 'SURYA LESTARI', 'Kenari Mas  ', '021-398-42900', '', '', 0, 'SLS01', NULL, '2020-11-23 16:26:25', '2020-11-23 19:23:19'),
	('CUS0769', 'SURYA LESTARI', 'Ps. Jatinegara  ', '021-819-5301', '', '', 0, 'SLS14', NULL, '2020-11-23 16:26:25', '2020-11-23 19:23:19'),
	('CUS0770', 'SURYA MAKMUR 1', 'Jl. Rawasari Timur Raya E91 Cempaka Putih Timur ', '0813-8251-6475', '', '', 0, 'SLS08', NULL, '2020-11-23 16:26:25', '2020-11-23 19:23:20'),
	('CUS0771', 'SURYA SAKTI', 'Jl. Gatot Subroto KM 7 Jatake - Tangerang ', '0838-7137-2989', 'Ibu Vony ', '', 0, 'SLS14', NULL, '2020-11-23 16:26:25', '2020-11-23 19:23:20'),
	('CUS0772', 'SURYA TEKNIK', 'Kenari Mas Lt. Ground Blok D No. 80-81 ', '021-319-07972', '', '', 0, 'SLS01', NULL, '2020-11-23 16:26:25', '2020-11-23 19:23:20'),
	('CUS0773', 'SWARNA', 'Kenari  ', '', '', '', 0, 'SLS01', NULL, '2020-11-23 16:26:25', '2020-11-23 16:26:25'),
	('CUS0774', 'SYAHRIL', '', '', '', '', 0, 'SLS08', NULL, '2020-11-23 16:26:25', '2020-11-23 16:26:25'),
	('CUS0775', 'TARUNA JAYA', 'Pasar Minggu No 34  ', '', '', '', 0, 'SLS04', NULL, '2020-11-23 16:26:25', '2020-11-23 16:26:25'),
	('CUS0776', 'TARUNA TEKNIK', 'Jl. Raya Ps. Minggu No. 21A Pejaten Timur - Ps. Minggu Bp. Sumarsono', '0895-3734-43252\r\n', '', '', 0, 'SLS13', NULL, '2020-11-23 16:26:25', '2020-11-23 19:23:20'),
	('CUS0777', 'TATA LISTRIK ( AKS )', 'Pasar Kenari Lama  Lt. Dasar Aks No. 034 ', '021-314-3836', '', '', 0, 'SLS01', NULL, '2020-11-23 16:26:25', '2020-11-23 19:23:20'),
	('CUS0778', 'TB JAYA LESTARI', 'Jl. Persada I No. 1 RW 15 Menteng Dalam  Kec. Tebet Jaksel', '021-830-0721', '', '', 0, 'SLS04', NULL, '2020-11-23 16:26:25', '2020-11-23 19:23:20'),
	('CUS0779', 'TB LIMA SEKAWAN', 'Jl. Sodong Raya 21 Rawamangun ', '021-911-31527', '', '', 0, 'SLS14', NULL, '2020-11-23 16:26:25', '2020-11-23 19:23:20'),
	('CUS0780', 'TB PERSADA', 'Jl. Pengadegan Selatan Raya 3 Kalibata ', '021-791-94303', '', '', 0, 'SLS12', NULL, '2020-11-23 16:26:25', '2020-11-23 19:23:20'),
	('CUS0781', 'TB POHON MAS', 'Jl Raya 55 Subah Batang Pantura ', '0812-2526-7777', '', '', 0, 'SLS13', NULL, '2020-11-23 16:26:25', '2020-11-23 19:23:20'),
	('CUS0782', 'TB SINAR BARU', 'Jln Sma 14 - Psr Jambul Cawang Up. Hendri ', '0811-1381-166', '', '', 0, 'SLS16', NULL, '2020-11-23 16:26:25', '2020-11-23 19:23:20'),
	('CUS0783', 'TB SUKSES', 'Perumahan Puri Harapan A2 No. 7 & 9 ', '021-888-68290', '', '', 0, 'SLS04', NULL, '2020-11-23 16:26:25', '2020-11-23 19:23:20'),
	('CUS0784', 'TB. ACC BENHIL', 'Jl. Brndungan Hilir Raya No 54  ', '021-573-1212', '', '', 0, 'SLS08', NULL, '2020-11-23 16:26:25', '2020-11-23 19:23:20'),
	('CUS0785', 'TB. BANGUNAN', 'Jl Anggrek  ', '', '', '', 0, 'SLS10', NULL, '2020-11-23 16:26:25', '2020-11-23 16:26:25'),
	('CUS0786', 'TB. CENTRA', 'Jl Industri Raya  ', '', '', '', 0, 'SLS09', NULL, '2020-11-23 16:26:25', '2020-11-23 16:26:25'),
	('CUS0787', 'TB. SAUDARA ABADI', 'Jl. Masjid Al-Wustho No. 28A Pondok Bambu - Jaktim ', '0813-8559-9917', '', '', 0, 'SLS16', NULL, '2020-11-23 16:26:25', '2020-11-23 19:23:20'),
	('CUS0788', 'TB. SINAR MAJU', 'Jl Pangkalan Asem No13  ', '021-422-7180', '', '', 0, 'SLS14', NULL, '2020-11-23 16:26:25', '2020-11-23 19:23:20'),
	('CUS0789', 'TB.FAJAR ASIA', 'Jl Taruna Jaya  ', '', '', '', 0, 'SLS09', NULL, '2020-11-23 16:26:25', '2020-11-23 16:26:25'),
	('CUS0790', 'TECHINE ELEKTRIK', 'Pamanukan  ', '', '', '', 0, 'SLS03', NULL, '2020-11-23 16:26:25', '2020-11-23 16:26:25'),
	('CUS0791', 'TEGUH ELEKTRIK', 'Ruko Paramount Center 2B/25 Gading Serpong - Tangerang ', '021-290-14847', '', '', 0, 'SLS04', NULL, '2020-11-23 16:26:25', '2020-11-23 19:23:20'),
	('CUS0792', 'TEKNIK MANDIRI', 'Psr. Paseban  ', '0813-1428-1883', '', '', 0, 'SLS01', NULL, '2020-11-23 16:26:25', '2020-11-23 19:23:20'),
	('CUS0793', 'TEKNIK PANEL', 'Kenari Mas Lantai 2 Blok H 131 ', '', '', '', 0, 'SLS01', NULL, '2020-11-23 16:26:25', '2020-11-23 16:26:25'),
	('CUS0794', 'TEKNIK TERANG', 'Kenari Mas LG No. D100 ', '', '', '', 0, 'SLS01', NULL, '2020-11-23 16:26:25', '2020-11-23 16:26:25'),
	('CUS0795', 'TEKNIK TERANG', 'Lt LG Blk B/100 Kenari Mas  ', '', '', '', 0, 'SLS03', NULL, '2020-11-23 16:26:25', '2020-11-23 16:26:25'),
	('CUS0796', 'TEKNO LISTRIK', 'Taman Tekno  ', '', '', '', 0, 'SLS04', NULL, '2020-11-23 16:26:25', '2020-11-23 16:26:25'),
	('CUS0797', 'TERANG ABADI', 'Cakung  ', '', '', '', 0, 'SLS10', NULL, '2020-11-23 16:26:25', '2020-11-23 16:26:25'),
	('CUS0798', 'TERANG BAHAGIA', 'Jl Prumnas Klender  ', '', '', '', 0, 'SLS04', NULL, '2020-11-23 16:26:25', '2020-11-23 16:26:25'),
	('CUS0799', 'TERANG DUNIA DEPOK', 'Jl. Raya Pondok Duta No 23 Cimanggis - Depok ', '0813-9833-5838', '', '', 0, 'SLS04', NULL, '2020-11-23 16:26:25', '2020-11-23 19:23:20'),
	('CUS0800', 'TERANG JAYA', 'Jl. Raya Sukowati 476A Sragen - Jawa Tengah ', '0812-3456-0820', 'Ko Doni', '', 0, 'SLS13', NULL, '2020-11-23 16:26:25', '2020-11-23 19:23:20'),
	('CUS0801', 'TERANG MANDIRI', 'Jakarta  ', '', '', '', 0, 'SLS01', NULL, '2020-11-23 16:26:25', '2020-11-23 16:26:25'),
	('CUS0802', 'TERMINAL ELECTRIC', 'Ruko Glodok Plaza Gedung Murata No 85-95 ', '021-622-04136', '', '', 0, 'SLS01', NULL, '2020-11-23 16:26:25', '2020-11-23 19:23:20'),
	('CUS0803', 'TERUS ABADI', 'Kenari Mas Blok J No. 170 Lt. F3 ', '021-239-51077', '', '', 0, 'SLS01', NULL, '2020-11-23 16:26:25', '2020-11-23 19:23:20'),
	('CUS0804', 'TERUS JAYA', 'Pasar Baru  ', '', '', '', 0, 'SLS14', NULL, '2020-11-23 16:26:25', '2020-11-23 16:26:25'),
	('CUS0805', 'TERUS TERANG MANDIRI', 'Jakarta  ', '', '', '', 0, 'SLS11', NULL, '2020-11-23 16:26:25', '2020-11-23 16:26:25'),
	('CUS0806', 'TIAN ELECTRIC', 'Jl. Raya Bekasi Timur KM. 17 No. 26 (Depan Toko Rido) ', '021-475-4580', '', '', 0, 'SLS14', NULL, '2020-11-23 16:26:25', '2020-11-23 19:23:20'),
	('CUS0807', 'TIARA LIGHTING', 'Plaza Kenari Mas Lt. F3 Blok I No. 11 ', '0878-8755-2401', '', '', 0, 'SLS01', NULL, '2020-11-23 16:26:25', '2020-11-23 19:23:20'),
	('CUS0808', 'TIEN ELEKTRIC', 'Jl. Raya Bekasi Timur KM. 17 No. 26 - Jaktim ', '021-475-4580', '', '', 0, 'SLS12', NULL, '2020-11-23 16:26:25', '2020-11-23 19:23:20'),
	('CUS0809', 'TIRTA ELEKTRIK', 'Kenari Mas Lt. I Blok F 136  ', '', '', '', 0, 'SLS01', NULL, '2020-11-23 16:26:25', '2020-11-23 16:26:25'),
	('CUS0810', 'TJONG ELEKTRIK', 'Kenari  ', '021-398-42816', '', '', 0, 'SLS01', NULL, '2020-11-23 16:26:25', '2020-11-23 19:23:20'),
	('CUS0811', 'TK CAHAYA FAJAR', 'Jl Citarik Gardu RT 001/RW 001 Ds Jati Reja Kec : Cikarang Timur', '0852-1681-7319', '', '', 0, 'SLS14', NULL, '2020-11-23 16:26:25', '2020-11-23 19:23:20'),
	('CUS0812', 'TK SETIA JAYA MULIA', 'Ltc Glodok Lt. UG A 23 No. 5 ', '', '', '', 0, 'SLS01', NULL, '2020-11-23 16:26:25', '2020-11-23 16:26:25'),
	('CUS0813', 'TK. BAHAGIA', 'Jl Raya Cibarusah No31 I Cikarang ', '', '', '', 0, 'SLS04', NULL, '2020-11-23 16:26:25', '2020-11-23 16:26:25'),
	('CUS0814', 'TK. CHAMPION ELECTRIK', 'Jl. Cilandak KKO No.  3 Ragunan - Jaksel ', '021-780-7708', '', '', 0, 'SLS04', NULL, '2020-11-23 16:26:25', '2020-11-23 19:23:20'),
	('CUS0815', 'TK. ISTANA PERABOT', 'Pasar Mandiri  ', '', '', '', 0, 'SLS14', NULL, '2020-11-23 16:26:25', '2020-11-23 16:26:25'),
	('CUS0816', 'TK. LINA GENTONG MAS', 'Jl. Kapten Suwardo No. 15B Serang Banten 70KM Dr Tol Tomang', '0813-1043-3833', '', '', 0, 'SLS14', NULL, '2020-11-23 16:26:25', '2020-11-23 19:23:20'),
	('CUS0817', 'TK. SINAR BERKAT', 'Kebon Kosong  ', '', '', '', 0, 'SLS11', NULL, '2020-11-23 16:26:25', '2020-11-23 16:26:25'),
	('CUS0818', 'TK. SINAR JAYA', 'Jl. Hibrida Raya  ', '', '', '', 0, 'SLS14', NULL, '2020-11-23 16:26:25', '2020-11-23 16:26:25'),
	('CUS0819', 'TL CHANDRA JAYA SERPONG', 'Ruko Paramount 7Cs Blok Df1 No.6 Gading Serpong Tangerang ', '0817-8133-00', '', '', 0, 'SLS14', NULL, '2020-11-23 16:26:25', '2020-11-23 19:23:20'),
	('CUS0820', 'TOKO  GARUDA MARGONDA', 'Jl. Margonda Raya No. 404 Dpn Gunadharma ', '0857-1595-1199', '', '', 0, 'SLS14', NULL, '2020-11-23 16:26:25', '2020-11-23 19:23:20'),
	('CUS0821', 'TOKO 28', 'Pondok Bambu  ', '0812-1222-6937', '', '', 0, 'SLS01', NULL, '2020-11-23 16:26:25', '2020-11-23 19:23:20'),
	('CUS0822', 'TOKO 55', 'Jl. Taruma Negara RT 3/4 Ciputat Timur 100B Cirende Tngerang', '0878-5556-4920', '', '', 0, 'SLS12', NULL, '2020-11-23 16:26:25', '2020-11-23 19:23:21'),
	('CUS0823', 'TOKO 66', 'Tanah Tinggi, Jakarta  ', '', '', '', 0, 'SLS01', NULL, '2020-11-23 16:26:25', '2020-11-23 16:26:25'),
	('CUS0824', 'TOKO 88 ABADI', 'Kenari Baru Lt. Dasar Blok B No 5 ', '021-391-4267', '', '', 0, 'SLS01', NULL, '2020-11-23 16:26:25', '2020-11-23 19:23:21'),
	('CUS0825', 'TOKO AGUNG', 'Pd Gede, Jakarta  ', '', '', '', 0, 'SLS10', NULL, '2020-11-23 16:26:25', '2020-11-23 16:26:25'),
	('CUS0826', 'TOKO ALAM JAYA', 'Jl Drompol  ', '', '', '', 0, 'SLS10', NULL, '2020-11-23 16:26:25', '2020-11-23 16:26:25'),
	('CUS0827', 'TOKO ALOY', 'Taman Harapan Baru Blok I2 No. 6 Belakang Kolam Renang Thb', '', '', '', 0, 'SLS14', NULL, '2020-11-23 16:26:25', '2020-11-23 16:26:25'),
	('CUS0828', 'TOKO ASIA " ACHUNG E"', 'Jl. Bahagia Raya No.12 Depok II Timur ', '0816-1962-011', '', '', 0, 'SLS14', NULL, '2020-11-23 16:26:25', '2020-11-23 19:23:21'),
	('CUS0829', 'TOKO ATLANTIK', 'Jl. Bukit Duri Tanjakan No. 1 Tebet - Jakarta Selatan ', '0812-9284-7086', '', '', 0, 'SLS16', NULL, '2020-11-23 16:26:25', '2020-11-23 19:23:21'),
	('CUS0830', 'TOKO BAROKAH JAYA', 'Jl. Raya Pekapuran No. 13 Depok - Gg. Belong ', '0812-8287-1427', '', '', 0, 'SLS12', NULL, '2020-11-23 16:26:25', '2020-11-23 19:23:21'),
	('CUS0831', 'TOKO BARU', 'Jl. Percetakan Negara No 11 RT001 / 005 ', '', '', '', 0, 'SLS04', NULL, '2020-11-23 16:26:25', '2020-11-23 16:26:25'),
	('CUS0832', 'TOKO BARU', 'Percetakan Negara  ', '', '', '', 0, 'SLS07', NULL, '2020-11-23 16:26:25', '2020-11-23 16:26:25'),
	('CUS0833', 'TOKO BARU', 'H. Ten  ', '', '', '', 0, 'SLS14', NULL, '2020-11-23 16:26:25', '2020-11-23 16:26:25'),
	('CUS0834', 'TOKO BINTANG', 'Kenari Mas Lt. 3 Blok I No. 46 F ', '0878-8755-2401', '', '', 0, 'SLS01', NULL, '2020-11-23 16:26:25', '2020-11-23 19:23:21'),
	('CUS0835', 'TOKO CAHAYA', 'Jl. Sektor Raya No. 9 Ciledug - Tangerang 1515 ', '0813-1123-7994', '', '', 0, 'SLS17', NULL, '2020-11-23 16:26:25', '2020-11-23 19:23:21'),
	('CUS0836', 'TOKO CAHAYA', 'Kenari Mas Lt. LG Blok B No. 90 ', '', '', '', 0, 'SLS01', NULL, '2020-11-23 16:26:25', '2020-11-23 16:26:25'),
	('CUS0837', 'TOKO CAHAYA / LOTUS', 'Jl. Utang Panjanag 3 No. 13B RT 13 RW 06 ', '', '', '', 0, 'SLS14', NULL, '2020-11-23 16:26:25', '2020-11-23 16:26:25'),
	('CUS0838', 'TOKO CAHAYA ABADI CAMAN', 'Jl. Caman Raya Ruko No. 31 Jati Bening -  Bekasi ', '021-869-01660', '', '', 0, 'SLS04', NULL, '2020-11-23 16:26:25', '2020-11-23 19:23:21'),
	('CUS0839', 'TOKO CAHAYA BERSAMA', 'Jl. Mangga Pasar Lontar No. 23 ', '0813-8908-3879', '', '', 0, 'SLS13', NULL, '2020-11-23 16:26:25', '2020-11-23 19:23:21'),
	('CUS0840', 'TOKO CAHAYA BINTANG', 'Jl. Cipaku I Ps. Santa Jaksel Bp. Tamsir', '0857-1145-009', '', '', 0, 'SLS13', NULL, '2020-11-23 16:26:25', '2020-11-23 19:23:21'),
	('CUS0841', 'TOKO CAHAYA GINTUNG', 'Jl. Pahlawa  Rempoa Ciputat Smpg Dominopizza Lamer Gintung ', '0812-2146-2246', '', '', 0, 'SLS04', NULL, '2020-11-23 16:26:25', '2020-11-23 19:23:21'),
	('CUS0842', 'TOKO CAHAYA PAJAR', 'Jl. Citarik Gardu RT.1/RW. 1 Ds. Jatiraja Kec. Cikarang Tmr ', '0852-1681-7319', 'Suyanto', '', 0, 'SLS14', NULL, '2020-11-23 16:26:25', '2020-11-23 19:23:21'),
	('CUS0843', 'TOKO CENTRAL ELECTRIC', 'Jl. Kubis 3 Pondok Cabe Ilir 5 RT 02/05 No. 16 ', '0813-1150-1101', '', '', 0, 'SLS14', NULL, '2020-11-23 16:26:25', '2020-11-23 19:23:21'),
	('CUS0844', 'TOKO DEWI', 'Jl. Sabeni RT16/12 Keb. Melati Tanah Abang No. 26 ', '0858-8884-1267', 'Bpk. Slamet', '', 0, 'SLS05', NULL, '2020-11-23 16:26:25', '2020-11-23 19:23:21'),
	('CUS0845', 'TOKO DUA PUTRI', '  ', '', '', '', 0, 'SLS05', NULL, '2020-11-23 16:26:25', '2020-11-23 16:26:25'),
	('CUS0846', 'TOKO ELECTRICA', 'Jl Kelurahan Pondok Jaya No.03 RT 03/03 Pondok Jaya Pondok Aren - Ciledug', '0857-1928-8167', '', '', 0, 'SLS14', NULL, '2020-11-23 16:26:25', '2020-11-23 19:23:21'),
	('CUS0847', 'TOKO ELEKTRONIK FRANKY', 'Jl. Sunter Muara RT.01/05 No 7 (Pas Di Jembatan) Sunter Agung Jakarta Utara', '0815-8416-1557', '', '', 0, 'SLS08', NULL, '2020-11-23 16:26:25', '2020-11-23 19:23:21'),
	('CUS0848', 'TOKO ELIM', 'Pisangan Lama 3  ', '0899-9336-590', '', '', 0, 'SLS14', NULL, '2020-11-23 16:26:25', '2020-11-23 19:23:21'),
	('CUS0849', 'TOKO ELYANA', 'Jl. Percetakan Negara No. 6B  ', '0852-2239-8105', '', '', 0, 'SLS14', NULL, '2020-11-23 16:26:25', '2020-11-23 19:23:21'),
	('CUS0850', 'TOKO ENI', 'Jl Jengki, Halim  ', '', '', '', 0, 'SLS10', NULL, '2020-11-23 16:26:25', '2020-11-23 16:26:25'),
	('CUS0851', 'TOKO FAJAR', 'Bendungan Melayu Jakarta  ', '', '', '', 0, 'SLS10', NULL, '2020-11-23 16:26:25', '2020-11-23 16:26:25'),
	('CUS0852', 'TOKO FAXEL', 'Jl. Angkur No. 26 Kampung Ambon - Jaktim ', '0813-8476-4135', '', '', 0, 'SLS13', NULL, '2020-11-23 16:26:25', '2020-11-23 19:23:21'),
	('CUS0853', 'TOKO GARUDA', 'Jl. Margonda Raya No.404 Sebrang Univ. Gunadarma ', '', '', '', 0, 'SLS14', NULL, '2020-11-23 16:26:25', '2020-11-23 16:26:25'),
	('CUS0854', 'TOKO HENGKY', 'Cipinang Muara - Jaktim  ', '0812-1245-6226', '', '', 0, 'SLS13', NULL, '2020-11-23 16:26:25', '2020-11-23 19:23:21'),
	('CUS0855', 'TOKO HIDUP BARU', 'Komp Mutiara Taman Palem Blk Di No67 Disebelah Bengkel Shop & Drive', '', '', '', 0, 'SLS04', NULL, '2020-11-23 16:26:25', '2020-11-23 16:26:25'),
	('CUS0856', 'TOKO HOKKY BERSAMA', 'Jl. H. Abu No 4 RT 005/007 Cipete ', '', '', '', 0, 'SLS14', NULL, '2020-11-23 16:26:25', '2020-11-23 16:26:25'),
	('CUS0857', 'TOKO IMANUEL', 'Kenari Aks Lt. I No. 135 ', '021-390-8497', '', '', 0, 'SLS01', NULL, '2020-11-23 16:26:25', '2020-11-23 19:23:21'),
	('CUS0858', 'TOKO JAYA', 'Jl. Raya Siaga Ujung Psr Minggu - Jaksel ', '', '', '', 0, 'SLS14', NULL, '2020-11-23 16:26:25', '2020-11-23 16:26:25'),
	('CUS0859', 'TOKO KRAMAT JAYA', 'Jl. Kramat Asem Raya No. 18 Utang Kayu - Pisangan -8194406 Jakarta Timur', '021-819-4406', '', '', 0, 'SLS14', NULL, '2020-11-23 16:26:25', '2020-11-23 19:23:21'),
	('CUS0860', 'TOKO LANCAR 11 ELECTRIK', 'Jl. Sawahlunto No. 87 Minangkabau Jaksel Deket RS Fakhira', '', '', '', 0, 'SLS14', NULL, '2020-11-23 16:26:25', '2020-11-23 16:26:25'),
	('CUS0861', 'TOKO LISTRIK CIREMAI', 'Up. Koh Andi Lt. Dasar Pasar Santa (Aks 54)  Kebayoran Baru', '0859-2906-6641', '', '', 0, 'SLS04', NULL, '2020-11-23 16:26:25', '2020-11-23 19:23:21'),
	('CUS0862', 'TOKO LISTRIK ERLANGGA', 'Jl. Bangka Raya No. 9 Jaksel ', '0898-8984-6028', '', '', 0, 'SLS16', NULL, '2020-11-23 16:26:25', '2020-11-23 19:23:21'),
	('CUS0863', 'TOKO LISTRIK SINAR JAYA', 'Jl.Palmerah Barat IIa Mo.09 Kemanggisan Jakbar ', '0878-8362-7003', '', '', 0, 'SLS14', NULL, '2020-11-23 16:26:25', '2020-11-23 19:23:21'),
	('CUS0864', 'TOKO LTS JATINEGARA', 'Jln. Pasar Lama Seberang Bca B Ukit Duri - Jakarta Timur ', '', '', '', 0, 'SLS03', NULL, '2020-11-23 16:26:25', '2020-11-23 16:26:25'),
	('CUS0865', 'TOKO MAJU', 'Jl Jengki, Halim  ', '', '', '', 0, 'SLS10', NULL, '2020-11-23 16:26:25', '2020-11-23 16:26:25'),
	('CUS0866', 'TOKO MAKMUR', 'Jonggol  ', '0812-9089-5486', 'Ci Lenny ', '', 0, 'SLS14', NULL, '2020-11-23 16:26:25', '2020-11-23 19:23:21'),
	('CUS0867', 'TOKO MATIUS', 'Kenari Mas Lt.4 Blok K No.7  /Sinar Indah ', '021-212-34785', '', '', 0, 'SLS01', NULL, '2020-11-23 16:26:25', '2020-11-23 19:23:21'),
	('CUS0868', 'TOKO MEWAH SUNTER', 'Jl. Danau Sunter Utara Blok G III No. 21 ', '0811-1466-28', '', '', 0, 'SLS08', NULL, '2020-11-23 16:26:25', '2020-11-23 19:23:21'),
	('CUS0869', 'TOKO MITRA BARU', 'Jl. Kelapa Gading No 3 Jakarta Timur ', '0812-1221-9828', '', '', 0, 'SLS14', NULL, '2020-11-23 16:26:25', '2020-11-23 19:23:21'),
	('CUS0870', 'TOKO MSL', 'Jl. Pangrango Terusan No.35D RT.001/004 - Jatibening Baru Pondok Gede - Bekasi', '', '', '', 0, 'SLS14', NULL, '2020-11-23 16:26:25', '2020-11-23 16:26:25'),
	('CUS0871', 'TOKO MULIA PALMERAH', 'Jl. Palmerah Barat No. 25B Seberang Bank Capital ', '021-536-1389', '', '', 0, 'SLS14', NULL, '2020-11-23 16:26:25', '2020-11-23 19:23:22'),
	('CUS0872', 'TOKO MURAH JOGJA', 'Jl. Damai No. 10 Ngaglik - Sleman Jogjakarta ', '0856-0180-5805', 'Pak Hanin', '', 0, 'SLS03', NULL, '2020-11-23 16:26:25', '2020-11-23 19:23:22'),
	('CUS0873', 'TOKO NATASHA PALEMBANG', 'Palembang  ', '0811-7180-89', '', '', 0, 'SLS14', NULL, '2020-11-23 16:26:25', '2020-11-23 19:23:22'),
	('CUS0874', 'TOKO NEW STAR', 'Jl. Kh Masyur No 121 /Gondrong Cipondoh(Dpn Seklh Hrapan Jy2) ', '0818-0816-1330', '', '', 0, 'SLS14', NULL, '2020-11-23 16:26:25', '2020-11-23 19:23:22'),
	('CUS0875', 'TOKO NIAGA', '  ', '', '', '', 0, 'SLS11', NULL, '2020-11-23 16:26:25', '2020-11-23 16:26:25'),
	('CUS0876', 'TOKO PADANG JAYA', 'Jln Lapangan Tembak No. 1 Cibubur ', '0858-8871-9686', '', '', 0, 'SLS08', NULL, '2020-11-23 16:26:25', '2020-11-23 19:23:22'),
	('CUS0877', 'TOKO PANGESTU', 'Jl. Tole Iskandar Depok No. 20 ', '', '', '', 0, 'SLS14', NULL, '2020-11-23 16:26:25', '2020-11-23 16:26:25'),
	('CUS0878', 'TOKO PB ELEKTRIK', 'Kenari Mas  F1 No. 55  ', '0813-8822-1599', '', '', 0, 'SLS01', NULL, '2020-11-23 16:26:25', '2020-11-23 19:23:22'),
	('CUS0879', 'TOKO PELANGI INDAH', 'Glodok Harco Mall Lt. 1 Blok G No. 21 ', '', '', '', 0, 'SLS14', NULL, '2020-11-23 16:26:25', '2020-11-23 16:26:25'),
	('CUS0880', 'TOKO PHILIPS', 'Ruko Citra Garden 2 Blk H2 No3A ', '', '', '', 0, 'SLS04', NULL, '2020-11-23 16:26:25', '2020-11-23 16:26:25'),
	('CUS0881', 'TOKO RAFI', 'Jl Kemang Raya Gg H Alus RT 01/02 No 31 Jati Cempaka, Pd Gede', '', '', '', 0, 'SLS04', NULL, '2020-11-23 16:26:25', '2020-11-23 16:26:25'),
	('CUS0882', 'TOKO RIHAN KARBELA', 'Pasar Mencos - Setia Budi Jakarta Selatan ', '', '', '', 0, 'SLS15', NULL, '2020-11-23 16:26:25', '2020-11-23 16:26:25'),
	('CUS0883', 'TOKO ROYAL STAR', 'Lt. Ground Blok D No. 6  ', '', '', '', 0, 'SLS01', NULL, '2020-11-23 16:26:25', '2020-11-23 16:26:25'),
	('CUS0884', 'TOKO SABAR (PS. SANTA )', 'Santa Modern Market Jl.Cipaku I Blok Loo Bks  No.1 183', '', '', '', 0, 'SLS04', NULL, '2020-11-23 16:26:25', '2020-11-23 16:26:25'),
	('CUS0885', 'TOKO SAID ELEKTRIK', 'Jl. H. Muhari Raya RT.03/04 Serua Bojong Sari - Depok', '', '', '', 0, 'SLS04', NULL, '2020-11-23 16:26:25', '2020-11-23 16:26:25'),
	('CUS0886', 'TOKO SARANA KARYA MANDIRI', 'Jl. Jatinegara Barat No. 29 Jaktim ', '0838-8050-810', '', '', 0, 'SLS13', NULL, '2020-11-23 16:26:25', '2020-11-23 19:23:22'),
	('CUS0887', 'TOKO SATELIT', 'Sumur Batu  ', '', '', '', 0, 'SLS14', NULL, '2020-11-23 16:26:25', '2020-11-23 16:26:25'),
	('CUS0888', 'TOKO SAUDARA SINAR', 'Kenari Mas Lt. Ground Blok D No. 27 ', '021-398-40441', '', '', 0, 'SLS01', NULL, '2020-11-23 16:26:25', '2020-11-23 19:23:22'),
	('CUS0889', 'TOKO SINAR AGUNG', 'Jl. Pancoran Barat VIII No. 2 Jakarta Selatan ', '0852-1920-3912', 'Ko Anton', '', 0, 'SLS13', NULL, '2020-11-23 16:26:25', '2020-11-23 19:23:22'),
	('CUS0890', 'TOKO SINAR BAROKAH 2', 'Jl. Raya Kedaung Babelan Bekasi ', '0858-1747-1235', '', '', 0, 'SLS14', NULL, '2020-11-23 16:26:25', '2020-11-23 19:23:22'),
	('CUS0891', 'TOKO SINAR BBM', 'Jl. Tole Iskandar No 18 Depok ', '0817-1204-97', '', '', 0, 'SLS04', NULL, '2020-11-23 16:26:25', '2020-11-23 19:23:22'),
	('CUS0892', 'TOKO SINAR JAYA', 'Pasar Santa  ', '', '', '', 0, 'SLS04', NULL, '2020-11-23 16:26:25', '2020-11-23 16:26:25'),
	('CUS0893', 'TOKO SINAR JAYA', 'Pd Gede, Jakarta  ', '', '', '', 0, 'SLS10', NULL, '2020-11-23 16:26:25', '2020-11-23 16:26:25'),
	('CUS0894', 'TOKO SINAR JAYA TOLE', 'Jl. Tole Iskandar / Ksu No, 57 Depok II ', '021-778-28426', '', '', 0, 'SLS14', NULL, '2020-11-23 16:26:25', '2020-11-23 19:23:22'),
	('CUS0895', 'TOKO SINAR SURYA', 'Ltc Glodok Lt. GF I Blok C II Nno. 2 ', '021-623-08320', '', '', 0, 'SLS14', NULL, '2020-11-23 16:26:25', '2020-11-23 19:23:22'),
	('CUS0896', 'TOKO SINAR SURYA', 'Jl. Tole Iskandar No. 2  ', '', '', '', 0, 'SLS04', NULL, '2020-11-23 16:26:25', '2020-11-23 16:26:25'),
	('CUS0897', 'TOKO SINAR TIMUR', 'Jl. Raya Gempol RT 10 / 02 Dekat Pertigaan Pospol Gempol Dpn. Showroom Lotec Autocar', '', '', '', 0, 'SLS08', NULL, '2020-11-23 16:26:25', '2020-11-23 16:26:25'),
	('CUS0898', 'TOKO SINAR TIMUR', 'Cipayung Jakarta Timur  ', '', '', '', 0, 'SLS14', NULL, '2020-11-23 16:26:25', '2020-11-23 16:26:25'),
	('CUS0899', 'TOKO SUMBER SINAR', 'Kenari Mas Lt. 1 Blok E No. 29 ', '021-382-5563', '', '', 0, 'SLS01', NULL, '2020-11-23 16:26:25', '2020-11-23 19:23:22'),
	('CUS0900', 'TOKO SUMBER SINAR', 'Kenari Mas Lt. 1 Blok F No. 67 ', '0878-8223-3996', '', '', 0, 'SLS01', NULL, '2020-11-23 16:26:25', '2020-11-23 19:23:22'),
	('CUS0901', 'TOKO SURYA JAYA ELEKTRIK', 'Jl. Bandengan Utara 1 No. 7 Jakarta Barat ', '', '', '', 0, 'SLS14', NULL, '2020-11-23 16:26:25', '2020-11-23 16:26:25'),
	('CUS0902', 'TOKO TERANG', 'Jl Pertengahan Cijantung No.22 Jakarta Timur Pat. Perempatan', '', '', '', 0, 'SLS12', NULL, '2020-11-23 16:26:25', '2020-11-23 16:26:25'),
	('CUS0903', 'TOKO TERANG BAHAGIA', 'Jl. Raya Teratai Putih Blok 27 Jakarta Timur ', '', '', '', 0, 'SLS08', NULL, '2020-11-23 16:26:25', '2020-11-23 16:26:25'),
	('CUS0904', 'TOKO THASTIA', 'Jl Cibeber 2 No61 RT 03/06 Cikahuripan ', '', '', '', 0, 'SLS09', NULL, '2020-11-23 16:26:25', '2020-11-23 16:26:25'),
	('CUS0905', 'TOKO TUNAS JAYA', 'Jln. Kejaksaan Raya No 5E Pondok Bambu - Jaktim ', '021-861-4878', '', '', 0, 'SLS03', NULL, '2020-11-23 16:26:25', '2020-11-23 19:23:22'),
	('CUS0906', 'TOKO UU TEKNIK', 'Graha Raya Jaya Blok 88 No. 11 Serpong Tangerang ', '021-734-50078', '', '', 0, 'SLS04', NULL, '2020-11-23 16:26:25', '2020-11-23 19:23:22'),
	('CUS0907', 'TOKO VINI ELEKTRIK', 'Pekalongan  ', '', '', '', 0, 'SLS14', NULL, '2020-11-23 16:26:25', '2020-11-23 16:26:25'),
	('CUS0908', 'TOMI', '  ', '', '', '', 0, 'SLS06', NULL, '2020-11-23 16:26:25', '2020-11-23 16:26:25'),
	('CUS0909', 'TOMY', 'Jl. Bidara Raya Gg Rakyat RT. 089 / 05 No. 32 ', '0878-8241-8432', '', '', 0, 'SLS14', NULL, '2020-11-23 16:26:25', '2020-11-23 19:23:22'),
	('CUS0910', 'TOP LIGHT', 'Kenari Mas Lt F2 H117  ', '021-293-88527', '', '', 0, 'SLS01', NULL, '2020-11-23 16:26:25', '2020-11-23 19:23:22'),
	('CUS0911', 'TOPAN', 'Jl. Johar Baru No. 4 Jakarta Pusat ', '0813-1773-8222', '', '', 0, 'SLS14', NULL, '2020-11-23 16:26:25', '2020-11-23 19:23:22'),
	('CUS0912', 'TOSERBA BANGUNAN IDEAL', 'Jl. Raya Muchtar No. 8 Sawangan Baru - Sawangan Depok', '', '', '', 0, 'SLS04', NULL, '2020-11-23 16:26:25', '2020-11-23 16:26:25'),
	('CUS0913', 'TOUNGKU JAYA', 'Jl. Bukit Duri Pintu Air IV ', '0813-8107-1944', '', '', 0, 'SLS06', NULL, '2020-11-23 16:26:25', '2020-11-23 19:23:22'),
	('CUS0914', 'TRI ELEKTRIK', 'Lubang Buaya  ', '', '', '', 0, 'SLS10', NULL, '2020-11-23 16:26:25', '2020-11-23 16:26:25'),
	('CUS0915', 'TRISULA ELEKTRIK', 'Glodok  ', '', '', '', 0, 'SLS14', NULL, '2020-11-23 16:26:25', '2020-11-23 16:26:25'),
	('CUS0916', 'TUNAS MANDIRI', 'Jakarta  ', '0818-0825-5768', '', '', 0, 'SLS01', NULL, '2020-11-23 16:26:25', '2020-11-23 19:23:22'),
	('CUS0917', 'TUNAS SAMA JAYA', 'Kenari Baru Lt. Dasar Blook C -25 ', '021-451-3020', '', '', 0, 'SLS01', NULL, '2020-11-23 16:26:25', '2020-11-23 19:23:23'),
	('CUS0918', 'TUNGGA JAYA', 'Jl. Pisangan Baru Timur RT 13 / 14 No, 13B Matraman', '', '', '', 0, 'SLS14', NULL, '2020-11-23 16:26:25', '2020-11-23 16:26:25'),
	('CUS0919', 'TUNING', 'Jl Mataram No 29  ', '', '', '', 0, 'SLS04', NULL, '2020-11-23 16:26:25', '2020-11-23 16:26:25'),
	('CUS0920', 'UCOK JAYA', 'Jl. Pisangan Lama II Ps Enjo  ', '021-478-80044', '', '', 0, 'SLS14', NULL, '2020-11-23 16:26:25', '2020-11-23 19:23:23'),
	('CUS0921', 'UCOK JAYA', 'Jl Gotong Royong  ', '', '', '', 0, 'SLS08', NULL, '2020-11-23 16:26:25', '2020-11-23 16:26:25'),
	('CUS0922', 'UCOK JAYA / KAPITAN', 'Jl. Klender  ', '0819-0864-2635', '', '', 0, 'SLS11', NULL, '2020-11-23 16:26:25', '2020-11-23 19:23:23'),
	('CUS0923', 'UD. CITRA MANDIRI RAYA', 'Tmn. Surya 5 Blok MM1 No.28 (Blkg Lotte Mart )-Cengkareng Jakarta Barat ', '021-293-16770', 'Gunawan ( Hanoc )', '', 0, 'SLS13', NULL, '2020-11-23 16:26:25', '2020-11-23 19:23:23'),
	('CUS0924', 'ULTRA 2000', 'Kenari Baru Lt. Dasar Los A-12 ', '021-391-4423', '', '', 0, 'SLS01', NULL, '2020-11-23 16:26:25', '2020-11-23 19:23:23'),
	('CUS0925', 'UNGGUL ELEKTRIK', 'Jakarta  ', '', '', '', 0, 'SLS01', NULL, '2020-11-23 16:26:25', '2020-11-23 16:26:25'),
	('CUS0926', 'UNIVERSAL ELECTRIC', 'Kenari Mas Lt. Ground Blok D No. 139 ', '0812-8598-183', '', '', 0, 'SLS01', NULL, '2020-11-23 16:26:25', '2020-11-23 19:23:23'),
	('CUS0927', 'URIP JAYA', 'Jl. Bukit Duri Puteran No. 9  ', '021-837-90217', '', '', 0, 'SLS04', NULL, '2020-11-23 16:26:25', '2020-11-23 19:23:23'),
	('CUS0928', 'USAHA JAYA', 'Kenari Baru Blok C No 7 ', '021-315-8376', '', '', 0, 'SLS01', NULL, '2020-11-23 16:26:25', '2020-11-23 19:23:23'),
	('CUS0929', 'USAHA JAYA', 'Kenari Mas  ', '', '', '', 0, 'SLS01', NULL, '2020-11-23 16:26:25', '2020-11-23 16:26:25'),
	('CUS0930', 'VALLEN', 'Jakarta  ', '0813-8238-3268', '', '', 0, 'SLS01', NULL, '2020-11-23 16:26:25', '2020-11-23 19:23:23'),
	('CUS0931', 'VARIA ELEKTRIK', 'Pasar Kenari Lt Dasar Aks No9-10 ', '021-319-35782', '', '', 0, 'SLS01', NULL, '2020-11-23 16:26:25', '2020-11-23 19:23:23'),
	('CUS0932', 'VARIANT ELEKTRIK', 'Jakarta  ', '', '', '', 0, 'SLS11', NULL, '2020-11-23 16:26:25', '2020-11-23 16:26:25'),
	('CUS0933', 'VIBA JAYA', 'Pademangan Timur 8 RT. 07/010 No.67 - Jakut ', '0812-8294-1154', '', '', 0, 'SLS14', NULL, '2020-11-23 16:26:25', '2020-11-23 19:23:23'),
	('CUS0934', 'VICI JAYA SUKSES', 'Kenari Baru Lt. 3 Blok C1  ', '0812-8197-1826', '', '', 0, 'SLS01', NULL, '2020-11-23 16:26:25', '2020-11-23 19:23:23'),
	('CUS0935', 'VICTORY', 'Kenari Mas  ', '', '', '', 0, 'SLS01', NULL, '2020-11-23 16:26:25', '2020-11-23 16:26:25'),
	('CUS0936', 'VICTORY JAYA', 'Kenari Mas Blk F1  ', '0812-9888-2875', '', '', 0, 'SLS01', NULL, '2020-11-23 16:26:25', '2020-11-23 19:23:23'),
	('CUS0937', 'VICTORY LITE', 'Jakarta  ', '021-398-45773', '', '', 0, 'SLS01', NULL, '2020-11-23 16:26:25', '2020-11-23 19:23:23'),
	('CUS0938', 'VIKA MANDIRI', 'Cililitan Jakarta Timur  ', '', '', '', 0, 'SLS14', NULL, '2020-11-23 16:26:25', '2020-11-23 16:26:25'),
	('CUS0939', 'VINA ELEKTRIK', 'Jl. Kemanggisan Raya No. 05 Kampus Binus Syadan ', '0821-1141-0377', '', '', 0, 'SLS14', NULL, '2020-11-23 16:26:25', '2020-11-23 19:23:23'),
	('CUS0940', 'WALUYO', 'Jakarta  ', '', '', '', 0, 'SLS01', NULL, '2020-11-23 16:26:25', '2020-11-23 16:26:25'),
	('CUS0941', 'WARUNG MATERIAL', 'Jl Jasinga Raya  ', '', '', '', 0, 'SLS09', NULL, '2020-11-23 16:26:25', '2020-11-23 16:26:25'),
	('CUS0942', 'WAWAN RAHMAT', 'Vila Regensi Blok N 6 II No 9 Tangerang ', '0812-9882-9222', '', '', 0, 'SLS14', NULL, '2020-11-23 16:26:25', '2020-11-23 19:23:23'),
	('CUS0943', 'WENANG', 'Jl Ahmad Yani  ', '', '', '', 0, 'SLS14', NULL, '2020-11-23 16:26:25', '2020-11-23 16:26:25'),
	('CUS0944', 'WIDI ELEKTRIC', 'Kenari Baru Lantai 3 Blok C 2 ', '021-392-3765', '', '', 0, 'SLS01', NULL, '2020-11-23 16:26:25', '2020-11-23 19:23:23'),
	('CUS0945', 'WILIAM JAYA CIBUBUR', 'Jlalternatif Cibubur Cileungsi Sblm Prempatan Ciangsana Sebelah Rm Kamisaiyo', '', '', '', 0, 'SLS04', NULL, '2020-11-23 16:26:25', '2020-11-23 16:26:25'),
	('CUS0946', 'WILLIAN SERVICE', 'Jl. Ahmad Yani No. 2 Jaktim  ', '', '', '', 0, 'SLS13', NULL, '2020-11-23 16:26:25', '2020-11-23 16:26:25'),
	('CUS0947', 'WW ELEKTRIK / BPK. KING', 'Kenari Mas  ', '', '', '', 0, 'SLS01', NULL, '2020-11-23 16:26:25', '2020-11-23 16:26:25'),
	('CUS0948', 'YANG ABADI', 'Kenari Baru  ', '021-310-0903', '', '', 0, 'SLS01', NULL, '2020-11-23 16:26:25', '2020-11-23 19:23:23'),
	('CUS0949', 'YANG YANG JAYA', 'Jl. Tirtoyoso 7E No. 3 Semarang ', '', '', '', 0, 'SLS13', NULL, '2020-11-23 16:26:25', '2020-11-23 16:26:25'),
	('CUS0950', 'ZEDDA ELEKTRIK 1', 'Jln Penagadilan No. 45 Pasar Anyar - Bogor ', '0251-8342-970', '', '', 0, 'SLS14', NULL, '2020-11-23 16:26:25', '2020-11-23 19:23:23'),
	('CUS0951', 'ZEDDA ELEKTRIK 2', 'Jl. Pangkalan Raya No. 45 Warung Jambu - Jambu Dua Bogor ', '0251-8137-222', '', '', 0, 'SLS14', NULL, '2020-11-23 16:26:25', '2020-11-23 19:23:23'),
	('CUS0952', 'ZUSTIN', 'Jakarta  ', '', '', '', 0, 'SLS05', NULL, '2020-11-23 16:26:25', '2020-11-23 16:26:25');
/*!40000 ALTER TABLE `customer` ENABLE KEYS */;

-- Dumping structure for table cahayaprima.detilap
CREATE TABLE IF NOT EXISTS `detilap` (
  `id_ap` varchar(255) COLLATE utf8mb4_unicode_ci NOT NULL,
  `id_bayar` varchar(255) COLLATE utf8mb4_unicode_ci NOT NULL,
  `tgl_bayar` date NOT NULL,
  `transfer` int(11) NOT NULL,
  `created_at` timestamp NULL DEFAULT NULL,
  `updated_at` timestamp NULL DEFAULT NULL,
  PRIMARY KEY (`id_ap`,`id_bayar`)
) ENGINE=InnoDB DEFAULT CHARSET=utf8mb4 COLLATE=utf8mb4_unicode_ci;

-- Dumping data for table cahayaprima.detilap: ~8 rows (approximately)
/*!40000 ALTER TABLE `detilap` DISABLE KEYS */;
INSERT INTO `detilap` (`id_ap`, `id_bayar`, `tgl_bayar`, `transfer`, `created_at`, `updated_at`) VALUES
	('AP0001', 'TRS0001', '2020-10-21', 7879870, '2020-12-04 18:23:33', '2020-12-04 18:23:33'),
	('AP0001', 'TRS0002', '2020-10-25', 5000000, '2020-12-04 18:23:46', '2020-12-04 18:23:46'),
	('AP0002', 'TRS0003', '2020-10-20', 5360000, '2020-12-04 18:24:02', '2020-12-04 18:24:02'),
	('AP0003', 'TRS0004', '2020-10-28', 2526000, '2020-12-04 18:24:19', '2020-12-04 18:24:19'),
	('AP0003', 'TRS0009', '2020-12-15', 7690100, '2020-12-14 19:58:29', '2020-12-14 19:58:29'),
	('AP0007', 'TRS0005', '2020-11-11', 6197500, '2020-12-04 18:24:41', '2020-12-04 18:24:41'),
	('AP0007', 'TRS0006', '2020-11-16', 1000000, '2020-12-04 18:24:54', '2020-12-04 18:24:54'),
	('AP0009', 'TRS0007', '2020-11-20', 382460, '2020-12-04 18:25:19', '2020-12-04 18:25:19'),
	('AP0009', 'TRS0008', '2020-11-24', 3000000, '2020-12-04 18:25:30', '2020-12-04 18:25:30');
/*!40000 ALTER TABLE `detilap` ENABLE KEYS */;

-- Dumping structure for table cahayaprima.detilar
CREATE TABLE IF NOT EXISTS `detilar` (
  `id_ar` varchar(255) COLLATE utf8mb4_unicode_ci NOT NULL,
  `id_cicil` varchar(255) COLLATE utf8mb4_unicode_ci NOT NULL,
  `tgl_bayar` date NOT NULL,
  `cicil` int(11) NOT NULL,
  `created_at` timestamp NULL DEFAULT NULL,
  `updated_at` timestamp NULL DEFAULT NULL,
  PRIMARY KEY (`id_ar`,`id_cicil`)
) ENGINE=InnoDB DEFAULT CHARSET=utf8mb4 COLLATE=utf8mb4_unicode_ci;

-- Dumping data for table cahayaprima.detilar: ~2 rows (approximately)
/*!40000 ALTER TABLE `detilar` DISABLE KEYS */;
INSERT INTO `detilar` (`id_ar`, `id_cicil`, `tgl_bayar`, `cicil`, `created_at`, `updated_at`) VALUES
	('AR0001', 'CIC0001', '2020-12-13', 830000, '2020-12-13 15:43:44', '2020-12-13 15:43:44'),
	('AR0003', 'CIC0002', '2020-12-13', 1605000, '2020-12-13 15:43:55', '2020-12-13 15:43:55'),
	('AR0007', 'CIC0003', '2020-12-16', 10080000, '2020-12-14 19:21:03', '2020-12-14 19:21:03');
/*!40000 ALTER TABLE `detilar` ENABLE KEYS */;

-- Dumping structure for table cahayaprima.detilbm
CREATE TABLE IF NOT EXISTS `detilbm` (
  `id_bm` varchar(255) COLLATE utf8mb4_unicode_ci NOT NULL,
  `id_barang` varchar(255) COLLATE utf8mb4_unicode_ci NOT NULL,
  `harga` int(11) NOT NULL,
  `qty` int(11) NOT NULL,
  `diskon` varchar(20) COLLATE utf8mb4_unicode_ci DEFAULT NULL,
  `disPersen` float DEFAULT NULL,
  `hpp` int(20) DEFAULT NULL,
  `deleted_at` timestamp NULL DEFAULT NULL,
  `created_at` timestamp NULL DEFAULT NULL,
  `updated_at` timestamp NULL DEFAULT NULL,
  PRIMARY KEY (`id_bm`,`id_barang`)
) ENGINE=InnoDB DEFAULT CHARSET=utf8mb4 COLLATE=utf8mb4_unicode_ci;

-- Dumping data for table cahayaprima.detilbm: ~26 rows (approximately)
/*!40000 ALTER TABLE `detilbm` DISABLE KEYS */;
INSERT INTO `detilbm` (`id_bm`, `id_barang`, `harga`, `qty`, `diskon`, `disPersen`, `hpp`, `deleted_at`, `created_at`, `updated_at`) VALUES
	('BM0001', 'BRG00001', 150000, 100, '20+5+3', 26.28, 110580, NULL, '2020-12-04 17:09:23', '2020-12-04 23:21:44'),
	('BM0001', 'BRG00003', 180000, 80, '16+3', 18.52, 146664, NULL, '2020-12-04 17:09:23', '2020-12-04 23:21:45'),
	('BM0001', 'BRG00005', 95000, 50, '10+3', 12.7, 82935, NULL, '2020-12-04 17:09:24', '2020-12-04 23:21:45'),
	('BM0002', 'BRG00002', 200000, 100, '20+5', 24, 152000, NULL, '2020-12-04 17:10:29', '2020-12-05 19:15:29'),
	('BM0003', 'BRG00001', 150000, 20, '10+4+2', 15.33, 127005, NULL, '2020-12-04 17:10:53', '2020-12-04 23:19:51'),
	('BM0003', 'BRG00005', 95000, 100, '15+3+2', 19.2, 76760, NULL, '2020-12-04 17:10:53', '2020-12-04 23:19:51'),
	('BM0004', 'BRG00003', 180000, 80, '15+2', 16.7, 149940, NULL, '2020-12-04 17:11:13', '2020-12-04 23:18:45'),
	('BM0004', 'BRG00004', 120000, 50, '7+4', 10.72, 107136, NULL, '2020-12-04 17:11:14', '2020-12-04 23:18:45'),
	('BM0005', 'BRG00002', 200000, 100, '18+5+3', 24.44, 151120, NULL, '2020-12-04 17:11:38', '2020-12-04 23:18:45'),
	('BM0007', 'BRG00001', 150000, 80, '20+4+2', 24.74, 112890, NULL, '2020-12-04 17:13:46', '2020-12-04 23:25:49'),
	('BM0007', 'BRG00005', 95000, 50, '10+5', 14.5, 81225, NULL, '2020-12-04 17:13:46', '2020-12-04 23:25:49'),
	('BM0008', 'BRG00003', 180000, 50, '10+3+2', 14.45, 153990, NULL, '2020-12-04 17:14:25', '2020-12-04 18:09:11'),
	('BM0008', 'BRG00004', 120000, 100, '15+4+3', 20.85, 94980, NULL, '2020-12-04 17:14:25', '2020-12-04 18:09:11'),
	('BM0009', 'BRG00001', 150000, 70, '10+5+3', 17.06, 124410, NULL, '2020-12-04 17:14:59', '2020-12-04 23:21:00'),
	('BM0010', 'BRG00003', 180000, 50, '8+5', 12.6, 157320, NULL, '2020-12-04 17:15:44', '2020-12-04 23:21:00'),
	('BM0010', 'BRG00004', 120000, 80, '9+4+3', 15.26, 101688, NULL, '2020-12-04 17:15:44', '2020-12-04 23:21:00'),
	('BM0011', 'BRG00002', 200000, 50, '10+5', 14.5, 171000, NULL, '2020-12-04 17:16:41', '2020-12-04 18:09:46'),
	('BM0012', 'BRG00005', 95000, 60, '8+5+3', 15.22, 80541, NULL, '2020-12-04 17:17:01', '2020-12-04 18:09:46'),
	('BM0013', 'BRG00001', 150000, 50, NULL, NULL, NULL, NULL, '2020-12-04 17:27:22', '2020-12-04 17:27:22'),
	('BM0013', 'BRG00003', 180000, 50, NULL, NULL, NULL, NULL, '2020-12-04 17:27:22', '2020-12-04 17:27:22'),
	('BM0013', 'BRG00004', 120000, 50, NULL, NULL, NULL, NULL, '2020-12-04 17:27:22', '2020-12-04 17:27:22'),
	('BM0014', 'BRG00002', 200000, 100, NULL, NULL, NULL, NULL, '2020-12-04 17:27:49', '2020-12-04 17:27:49'),
	('BM0014', 'BRG00005', 95000, 80, NULL, NULL, NULL, NULL, '2020-12-04 17:27:50', '2020-12-04 17:27:50'),
	('BM0015', 'BRG00001', 150000, 80, '15+4', 18.4, 122400, NULL, '2020-12-04 17:28:27', '2020-12-05 19:16:43'),
	('BM0015', 'BRG00003', 180000, 80, '14+3', 16.58, 150156, NULL, '2020-12-04 17:28:27', '2020-12-04 18:10:12'),
	('BM0016', 'BRG00002', 200000, 50, '10+5', 14.5, 171000, NULL, '2020-12-04 17:29:17', '2020-12-05 19:16:43'),
	('BM0016', 'BRG00004', 120000, 30, '8+5', 12.6, 104880, NULL, '2020-12-04 17:29:17', '2020-12-05 19:16:43'),
	('BM0017', 'BRG00001', 150000, 10, NULL, NULL, NULL, NULL, '2020-12-10 15:04:05', '2020-12-10 15:04:05'),
	('BM0018', 'BRG00001', 150000, 10, NULL, NULL, NULL, NULL, '2020-12-16 00:55:11', '2020-12-16 00:55:11');
/*!40000 ALTER TABLE `detilbm` ENABLE KEYS */;

-- Dumping structure for table cahayaprima.detilpo
CREATE TABLE IF NOT EXISTS `detilpo` (
  `id_po` varchar(255) COLLATE utf8mb4_unicode_ci NOT NULL,
  `id_barang` varchar(255) COLLATE utf8mb4_unicode_ci NOT NULL,
  `harga` int(11) NOT NULL DEFAULT '0',
  `qty` int(11) NOT NULL,
  `qty_terima` int(11) DEFAULT NULL,
  `keterangan` varchar(255) COLLATE utf8mb4_unicode_ci DEFAULT NULL,
  `deleted_at` timestamp NULL DEFAULT NULL,
  `created_at` timestamp NULL DEFAULT NULL,
  `updated_at` timestamp NULL DEFAULT NULL,
  PRIMARY KEY (`id_po`,`id_barang`)
) ENGINE=InnoDB DEFAULT CHARSET=utf8mb4 COLLATE=utf8mb4_unicode_ci;

-- Dumping data for table cahayaprima.detilpo: ~12 rows (approximately)
/*!40000 ALTER TABLE `detilpo` DISABLE KEYS */;
INSERT INTO `detilpo` (`id_po`, `id_barang`, `harga`, `qty`, `qty_terima`, `keterangan`, `deleted_at`, `created_at`, `updated_at`) VALUES
	('PO0003', 'BRG002', 4000, 20, NULL, NULL, NULL, '2020-09-21 11:55:39', '2020-09-21 11:55:39'),
	('PO0003', 'BRG005', 10000, 10, NULL, NULL, NULL, '2020-09-21 11:55:39', '2020-09-21 11:55:39'),
	('PO0004', 'BRG003', 5000, 20, NULL, NULL, NULL, '2020-09-21 11:56:10', '2020-09-21 11:56:10'),
	('PO0004', 'BRG005', 10000, 10, NULL, NULL, NULL, '2020-09-21 11:56:10', '2020-09-21 11:56:10'),
	('PO0005', 'BRG003', 5000, 20, NULL, NULL, NULL, '2020-09-21 12:54:26', '2020-09-21 12:54:26'),
	('PO0005', 'BRG004', 7000, 10, NULL, NULL, NULL, '2020-09-21 12:54:26', '2020-09-21 12:54:26'),
	('PO0006', 'BRG001', 3000, 15, NULL, NULL, NULL, '2020-09-21 12:56:35', '2020-09-21 12:56:35'),
	('PO0006', 'BRG003', 5000, 10, NULL, NULL, NULL, '2020-09-21 12:56:35', '2020-09-21 12:56:35'),
	('PO0006', 'BRG005', 10000, 10, NULL, NULL, NULL, '2020-09-21 12:56:35', '2020-09-21 12:56:35'),
	('PO0007', 'BRG004', 7, 20, NULL, NULL, NULL, '2020-09-25 08:06:57', '2020-09-25 08:06:57'),
	('PO0009', 'BRG001', 3, 1000, NULL, NULL, NULL, '2020-09-25 12:21:15', '2020-09-25 12:21:15'),
	('PO0010', 'BRG001', 3000, 20000, NULL, NULL, NULL, '2020-09-25 12:22:58', '2020-09-25 12:22:58');
/*!40000 ALTER TABLE `detilpo` ENABLE KEYS */;

-- Dumping structure for table cahayaprima.detilrap
CREATE TABLE IF NOT EXISTS `detilrap` (
  `id_retur` varchar(255) COLLATE utf8mb4_unicode_ci NOT NULL,
  `id_barang` varchar(255) COLLATE utf8mb4_unicode_ci NOT NULL,
  `tgl_retur` date NOT NULL,
  `qty` int(11) NOT NULL,
  `harga` int(11) NOT NULL,
  `diskon` varchar(255) COLLATE utf8mb4_unicode_ci NOT NULL,
  `diskonRp` int(11) NOT NULL,
  `created_at` timestamp NULL DEFAULT NULL,
  `updated_at` timestamp NULL DEFAULT NULL,
  PRIMARY KEY (`id_retur`)
) ENGINE=InnoDB DEFAULT CHARSET=utf8mb4 COLLATE=utf8mb4_unicode_ci;

-- Dumping data for table cahayaprima.detilrap: ~4 rows (approximately)
/*!40000 ALTER TABLE `detilrap` DISABLE KEYS */;
INSERT INTO `detilrap` (`id_retur`, `id_barang`, `tgl_retur`, `qty`, `harga`, `diskon`, `diskonRp`, `created_at`, `updated_at`) VALUES
	('RTP0001', 'BRG00005', '2020-12-15', 5, 95000, '5', 23750, '2020-12-14 19:48:33', '2020-12-14 19:48:33'),
	('RTP0002', 'BRG00004', '2020-12-15', 5, 120000, '10+3', 76200, '2020-12-14 19:57:44', '2020-12-14 19:57:44'),
	('RTP0003', 'BRG00003', '2020-12-16', 7, 180000, '10+2', 148680, '2020-12-14 19:58:03', '2020-12-14 19:58:03'),
	('RTP0004', 'BRG00005', '2020-12-15', 10, 95000, '10+5+3', 162070, '2020-12-15 00:55:24', '2020-12-15 00:55:24');
/*!40000 ALTER TABLE `detilrap` ENABLE KEYS */;

-- Dumping structure for table cahayaprima.detilrar
CREATE TABLE IF NOT EXISTS `detilrar` (
  `id_retur` varchar(255) COLLATE utf8mb4_unicode_ci NOT NULL,
  `id_barang` varchar(255) COLLATE utf8mb4_unicode_ci NOT NULL,
  `tgl_retur` date NOT NULL,
  `qty` int(11) NOT NULL,
  `harga` int(11) NOT NULL,
  `diskon` varchar(255) COLLATE utf8mb4_unicode_ci NOT NULL,
  `diskonRp` int(11) NOT NULL,
  `created_at` timestamp NULL DEFAULT NULL,
  `updated_at` timestamp NULL DEFAULT NULL,
  PRIMARY KEY (`id_retur`,`id_barang`)
) ENGINE=InnoDB DEFAULT CHARSET=utf8mb4 COLLATE=utf8mb4_unicode_ci;

-- Dumping data for table cahayaprima.detilrar: ~5 rows (approximately)
/*!40000 ALTER TABLE `detilrar` DISABLE KEYS */;
INSERT INTO `detilrar` (`id_retur`, `id_barang`, `tgl_retur`, `qty`, `harga`, `diskon`, `diskonRp`, `created_at`, `updated_at`) VALUES
	('RTT0001', 'BRG00001', '2020-12-14', 10, 150000, '5', 75000, '2020-12-14 16:47:58', '2020-12-14 16:47:58'),
	('RTT0002', 'BRG00003', '2020-12-14', 5, 180000, '5+4', 79200, '2020-12-14 17:18:17', '2020-12-14 17:18:17'),
	('RTT0003', 'BRG00001', '2020-12-15', 5, 150000, '10', 75000, '2020-12-14 17:23:53', '2020-12-14 17:23:53'),
	('RTT0004', 'BRG00004', '2020-12-16', 5, 120000, '5', 30000, '2020-12-14 19:20:29', '2020-12-14 19:20:29'),
	('RTT0005', 'BRG00001', '2020-12-15', 5, 150000, '5+3', 58875, '2020-12-15 00:27:06', '2020-12-15 00:27:06');
/*!40000 ALTER TABLE `detilrar` ENABLE KEYS */;

-- Dumping structure for table cahayaprima.detilrb
CREATE TABLE IF NOT EXISTS `detilrb` (
  `id_retur` varchar(255) COLLATE utf8mb4_unicode_ci NOT NULL,
  `id_barang` varchar(255) COLLATE utf8mb4_unicode_ci NOT NULL,
  `qty_retur` int(11) NOT NULL DEFAULT '0',
  `created_at` timestamp NULL DEFAULT NULL,
  `updated_at` timestamp NULL DEFAULT NULL,
  PRIMARY KEY (`id_retur`,`id_barang`)
) ENGINE=InnoDB DEFAULT CHARSET=utf8mb4 COLLATE=utf8mb4_unicode_ci;

-- Dumping data for table cahayaprima.detilrb: ~9 rows (approximately)
/*!40000 ALTER TABLE `detilrb` DISABLE KEYS */;
INSERT INTO `detilrb` (`id_retur`, `id_barang`, `qty_retur`, `created_at`, `updated_at`) VALUES
	('RTB0001', 'BRG00003', 10, '2020-12-12 15:39:55', '2020-12-12 15:39:55'),
	('RTB0001', 'BRG00004', 10, '2020-12-12 15:39:55', '2020-12-12 15:39:55'),
	('RTB0002', 'BRG00002', 10, '2020-12-12 15:42:54', '2020-12-12 15:42:54'),
	('RTB0002', 'BRG00005', 5, '2020-12-12 15:42:54', '2020-12-12 15:42:54'),
	('RTB0003', 'BRG00001', 10, '2020-12-13 01:55:26', '2020-12-13 01:55:26'),
	('RTB0003', 'BRG00003', 10, '2020-12-13 01:55:26', '2020-12-13 01:55:26'),
	('RTB0004', 'BRG00003', 7, '2020-12-13 01:55:43', '2020-12-13 01:55:43'),
	('RTB0005', 'BRG00001', 5, '2020-12-13 15:14:53', '2020-12-13 15:14:53'),
	('RTB0005', 'BRG00003', 5, '2020-12-13 15:14:53', '2020-12-13 15:14:53');
/*!40000 ALTER TABLE `detilrb` ENABLE KEYS */;

-- Dumping structure for table cahayaprima.detilrj
CREATE TABLE IF NOT EXISTS `detilrj` (
  `id_retur` varchar(255) COLLATE utf8mb4_unicode_ci NOT NULL,
  `id_barang` varchar(255) COLLATE utf8mb4_unicode_ci NOT NULL,
  `id_kirim` varchar(255) COLLATE utf8mb4_unicode_ci DEFAULT NULL,
  `tgl_kirim` date DEFAULT NULL,
  `qty_retur` int(11) NOT NULL,
  `qty_kirim` int(11) DEFAULT NULL,
  `created_at` timestamp NULL DEFAULT NULL,
  `updated_at` timestamp NULL DEFAULT NULL,
  PRIMARY KEY (`id_retur`,`id_barang`)
) ENGINE=InnoDB DEFAULT CHARSET=utf8mb4 COLLATE=utf8mb4_unicode_ci;

-- Dumping data for table cahayaprima.detilrj: ~8 rows (approximately)
/*!40000 ALTER TABLE `detilrj` DISABLE KEYS */;
INSERT INTO `detilrj` (`id_retur`, `id_barang`, `id_kirim`, `tgl_kirim`, `qty_retur`, `qty_kirim`, `created_at`, `updated_at`) VALUES
	('RTJ0001', 'BRG00001', 'KRM0001', '2020-12-12', 10, 10, '2020-12-11 18:29:41', '2020-12-12 02:10:36'),
	('RTJ0001', 'BRG00003', 'KRM0002', '2020-12-14', 10, 10, '2020-12-11 18:29:41', '2020-12-12 02:10:51'),
	('RTJ0001', 'BRG0001', NULL, NULL, 10, NULL, '2020-12-11 18:29:41', '2020-12-12 02:07:05'),
	('RTJ0002', 'BRG00004', NULL, '2020-12-11', 10, 10, '2020-12-11 18:37:02', '2020-12-11 20:28:11'),
	('RTJ0002', 'BRG00005', NULL, '2020-12-11', 10, 10, '2020-12-11 18:37:02', '2020-12-11 20:28:11'),
	('RTJ0003', 'BRG00002', NULL, NULL, 20, NULL, '2020-12-11 18:37:57', '2020-12-13 02:25:52'),
	('RTJ0004', 'BRG00001', NULL, '2020-12-12', 5, 5, '2020-12-11 18:44:19', '2020-12-12 01:32:54'),
	('RTJ0004', 'BRG00002', NULL, '2020-12-14', 5, 5, '2020-12-11 18:44:19', '2020-12-12 01:33:03');
/*!40000 ALTER TABLE `detilrj` ENABLE KEYS */;

-- Dumping structure for table cahayaprima.detilrt
CREATE TABLE IF NOT EXISTS `detilrt` (
  `id_terima` varchar(255) COLLATE utf8mb4_unicode_ci NOT NULL,
  `id_barang` varchar(255) COLLATE utf8mb4_unicode_ci NOT NULL,
  `qty_terima` int(11) DEFAULT NULL,
  `qty_batal` int(11) DEFAULT NULL,
  `created_at` timestamp NULL DEFAULT NULL,
  `updated_at` timestamp NULL DEFAULT NULL,
  PRIMARY KEY (`id_terima`,`id_barang`)
) ENGINE=InnoDB DEFAULT CHARSET=utf8mb4 COLLATE=utf8mb4_unicode_ci;

-- Dumping data for table cahayaprima.detilrt: ~12 rows (approximately)
/*!40000 ALTER TABLE `detilrt` DISABLE KEYS */;
INSERT INTO `detilrt` (`id_terima`, `id_barang`, `qty_terima`, `qty_batal`, `created_at`, `updated_at`) VALUES
	('TRM0001', 'BRG00003', 6, NULL, '2020-12-13 01:41:41', '2020-12-13 01:41:41'),
	('TRM0002', 'BRG00003', NULL, 4, '2020-12-13 01:42:37', '2020-12-13 01:42:37'),
	('TRM0003', 'BRG00002', 5, NULL, '2020-12-13 01:51:33', '2020-12-13 01:51:33'),
	('TRM0003', 'BRG00005', 5, NULL, '2020-12-13 01:51:33', '2020-12-13 01:51:33'),
	('TRM0004', 'BRG00002', 5, NULL, '2020-12-13 01:52:18', '2020-12-13 01:52:18'),
	('TRM0005', 'BRG00001', 5, NULL, '2020-12-13 02:13:46', '2020-12-13 02:13:46'),
	('TRM0006', 'BRG00003', 5, NULL, '2020-12-13 02:13:47', '2020-12-13 02:13:47'),
	('TRM0007', 'BRG00001', 5, NULL, '2020-12-13 03:04:30', '2020-12-13 03:04:30'),
	('TRM0008', 'BRG00003', 5, NULL, '2020-12-13 03:04:30', '2020-12-13 03:04:30'),
	('TRM0009', 'BRG00001', 5, NULL, '2020-12-13 15:15:07', '2020-12-13 15:15:07'),
	('TRM0009', 'BRG00003', 5, NULL, '2020-12-13 15:15:07', '2020-12-13 15:15:07'),
	('TRM0010', 'BRG00003', 5, 2, '2020-12-13 15:20:38', '2020-12-13 15:20:38'),
	('TRM0011', 'BRG00004', NULL, 5, '2020-12-13 15:20:51', '2020-12-13 15:20:51'),
	('TRM0012', 'BRG00004', 5, NULL, '2020-12-13 15:37:56', '2020-12-13 15:37:56');
/*!40000 ALTER TABLE `detilrt` ENABLE KEYS */;

-- Dumping structure for table cahayaprima.detilsj
CREATE TABLE IF NOT EXISTS `detilsj` (
  `id_so` varchar(255) COLLATE utf8mb4_unicode_ci NOT NULL,
  `id_barang` varchar(255) COLLATE utf8mb4_unicode_ci NOT NULL,
  `qtyRevisi` int(11) NOT NULL,
  `keterangan` varchar(255) COLLATE utf8mb4_unicode_ci NOT NULL,
  `created_at` timestamp NULL DEFAULT NULL,
  `updated_at` timestamp NULL DEFAULT NULL,
  `deleted_at` timestamp NULL DEFAULT NULL,
  PRIMARY KEY (`id_so`,`id_barang`)
) ENGINE=InnoDB DEFAULT CHARSET=utf8mb4 COLLATE=utf8mb4_unicode_ci;

-- Dumping data for table cahayaprima.detilsj: ~6 rows (approximately)
/*!40000 ALTER TABLE `detilsj` DISABLE KEYS */;
INSERT INTO `detilsj` (`id_so`, `id_barang`, `qtyRevisi`, `keterangan`, `created_at`, `updated_at`, `deleted_at`) VALUES
	('INV0001', 'BRG005', 8, 'Permintaan Customer', '2020-09-15 08:26:53', '2020-09-15 08:26:53', NULL),
	('INV0002', 'BRG003', 15, 'Permintaan Customer', '2020-09-15 08:33:51', '2020-09-15 08:33:51', NULL),
	('INV0002', 'BRG005', 28, 'Permintaan Customer', '2020-09-15 08:33:51', '2020-09-15 08:33:51', NULL),
	('INV0003', 'BRG002', 15, 'Permintaan Customer', '2020-09-15 08:38:37', '2020-09-15 08:38:37', NULL),
	('INV0004', 'BRG003', 15, 'Permintaan Customer', '2020-09-15 08:40:27', '2020-09-15 08:40:27', NULL),
	('INV0004', 'BRG004', 5, 'Permintaan Customer', '2020-09-15 08:40:27', '2020-09-15 08:40:27', NULL);
/*!40000 ALTER TABLE `detilsj` ENABLE KEYS */;

-- Dumping structure for table cahayaprima.detilso
CREATE TABLE IF NOT EXISTS `detilso` (
  `id_so` varchar(255) COLLATE utf8mb4_unicode_ci NOT NULL,
  `id_barang` varchar(255) COLLATE utf8mb4_unicode_ci NOT NULL,
  `id_gudang` varchar(255) COLLATE utf8mb4_unicode_ci NOT NULL,
  `harga` int(11) NOT NULL DEFAULT '0',
  `qty` int(11) NOT NULL,
  `diskon` varchar(20) COLLATE utf8mb4_unicode_ci DEFAULT '0',
  `diskonRp` int(20) DEFAULT '0',
  `deleted_at` timestamp NULL DEFAULT NULL,
  `created_at` timestamp NULL DEFAULT NULL,
  `updated_at` timestamp NULL DEFAULT NULL,
  PRIMARY KEY (`id_so`,`id_barang`,`id_gudang`)
) ENGINE=InnoDB DEFAULT CHARSET=utf8mb4 COLLATE=utf8mb4_unicode_ci ROW_FORMAT=DYNAMIC;

-- Dumping data for table cahayaprima.detilso: ~35 rows (approximately)
/*!40000 ALTER TABLE `detilso` DISABLE KEYS */;
INSERT INTO `detilso` (`id_so`, `id_barang`, `id_gudang`, `harga`, `qty`, `diskon`, `diskonRp`, `deleted_at`, `created_at`, `updated_at`) VALUES
	('INV0001', 'BRG00001', 'GDG01', 150000, 60, '8+2', 810000, NULL, '2020-12-04 17:19:37', '2020-12-04 17:19:37'),
	('INV0001', 'BRG00004', 'GDG01', 120000, 80, '10', 960000, NULL, '2020-12-04 17:19:37', '2020-12-04 17:19:37'),
	('INV0002', 'BRG00002', 'GDG01', 200000, 100, '15+3', 2550000, NULL, '2020-12-04 17:21:35', '2020-12-04 17:21:35'),
	('INV0002', 'BRG00002', 'GDG02', 200000, 50, '15+3', 2550000, NULL, '2020-12-04 17:21:35', '2020-12-04 17:21:35'),
	('INV0002', 'BRG00005', 'GDG01', 95000, 50, '5', 237500, NULL, '2020-12-04 17:21:35', '2020-12-04 17:21:35'),
	('INV0003', 'BRG00003', 'GDG01', 180000, 80, '8+3', 1440000, NULL, '2020-12-04 17:22:52', '2020-12-04 17:22:52'),
	('INV0003', 'BRG00005', 'GDG01', 95000, 100, '6+4', 855000, NULL, '2020-12-04 17:22:52', '2020-12-04 17:22:52'),
	('INV0004', 'BRG00001', 'GDG01', 150000, 60, '15+4', 1350000, NULL, '2020-12-04 17:23:42', '2020-12-04 17:23:42'),
	('INV0004', 'BRG00001', 'GDG02', 150000, 80, '15+4', 1350000, NULL, '2020-12-04 17:23:42', '2020-12-04 17:23:42'),
	('INV0004', 'BRG00001', 'GDG03', 150000, 10, '15+4', 1350000, NULL, '2020-12-04 17:23:42', '2020-12-04 17:23:42'),
	('INV0005', 'BRG00003', 'GDG01', 180000, 50, '10+3', 1080000, NULL, '2020-12-04 17:24:50', '2020-12-04 17:24:50'),
	('INV0005', 'BRG00003', 'GDG02', 180000, 50, '10+3', 1080000, NULL, '2020-12-04 17:24:50', '2020-12-04 17:24:50'),
	('INV0005', 'BRG00004', 'GDG01', 120000, 20, '5', 150000, NULL, '2020-12-04 17:24:50', '2020-12-04 17:24:50'),
	('INV0005', 'BRG00004', 'GDG03', 120000, 30, '5', 150000, NULL, '2020-12-04 17:24:51', '2020-12-04 17:24:51'),
	('INV0006', 'BRG00002', 'GDG02', 200000, 50, '5', 250000, NULL, '2020-12-04 17:26:12', '2020-12-04 17:26:12'),
	('INV0006', 'BRG00003', 'GDG02', 180000, 30, '5', 150000, NULL, '2020-12-04 17:26:12', '2020-12-04 17:26:12'),
	('INV0006', 'BRG00003', 'GDG03', 180000, 20, '5', 150000, NULL, '2020-12-04 17:26:12', '2020-12-04 17:26:12'),
	('INV0007', 'BRG00004', 'GDG01', 120000, 50, '15+2', 960000, NULL, '2020-12-04 17:31:07', '2020-12-04 17:31:07'),
	('INV0007', 'BRG00004', 'GDG02', 120000, 50, '15+2', 960000, NULL, '2020-12-04 17:31:07', '2020-12-04 17:31:07'),
	('INV0008', 'BRG00001', 'GDG01', 150000, 50, '15+3', 1275000, NULL, '2020-12-04 17:31:51', '2020-12-04 17:31:51'),
	('INV0008', 'BRG00001', 'GDG02', 150000, 50, '15+3', 1275000, NULL, '2020-12-04 17:31:51', '2020-12-04 17:31:51'),
	('INV0009', 'BRG00003', 'GDG01', 180000, 50, '10+2', 792000, NULL, '2020-12-04 17:32:34', '2020-12-04 17:32:34'),
	('INV0009', 'BRG00003', 'GDG02', 180000, 30, '10+2', 792000, NULL, '2020-12-04 17:32:34', '2020-12-04 17:32:34'),
	('INV0009', 'BRG00005', 'GDG01', 95000, 80, '8+4', 522500, NULL, '2020-12-04 17:32:34', '2020-12-04 17:32:34'),
	('INV0009', 'BRG00005', 'GDG03', 95000, 20, '8+4', 522500, NULL, '2020-12-04 17:32:35', '2020-12-04 17:32:35'),
	('INV0010', 'BRG00002', 'GDG01', 200000, 100, '13+2', 2800000, NULL, '2020-12-04 17:33:14', '2020-12-04 17:33:14'),
	('INV0011', 'BRG00001', 'GDG02', 150000, 30, '5', 125000, NULL, '2020-12-04 17:35:11', '2020-12-04 17:35:11'),
	('INV0011', 'BRG00001', 'GDG03', 150000, 20, '5', 125000, NULL, '2020-12-04 17:35:11', '2020-12-04 17:35:11'),
	('INV0011', 'BRG00003', 'GDG02', 180000, 50, '5+2', 270000, NULL, '2020-12-04 17:35:11', '2020-12-04 17:35:11'),
	('INV0011', 'BRG00004', 'GDG02', 120000, 30, '5', 100000, NULL, '2020-12-04 17:35:11', '2020-12-04 17:35:11'),
	('INV0011', 'BRG00004', 'GDG03', 120000, 20, '5', 100000, NULL, '2020-12-04 17:35:11', '2020-12-04 17:35:11'),
	('INV0012', 'BRG00002', 'GDG02', 200000, 50, '5', 250000, NULL, '2020-12-04 17:35:53', '2020-12-04 17:35:53'),
	('INV0012', 'BRG00005', 'GDG02', 95000, 50, '5', 118750, NULL, '2020-12-04 17:35:53', '2020-12-04 17:35:53'),
	('INV0013', 'BRG00001', 'GDG01', 150000, 10, '5+3', 117750, NULL, '2020-12-15 01:19:14', '2020-12-15 01:19:14');
/*!40000 ALTER TABLE `detilso` ENABLE KEYS */;

-- Dumping structure for table cahayaprima.detiltb
CREATE TABLE IF NOT EXISTS `detiltb` (
  `id_tb` varchar(11) COLLATE utf8mb4_unicode_ci NOT NULL,
  `id_barang` varchar(11) COLLATE utf8mb4_unicode_ci NOT NULL,
  `id_asal` varchar(11) COLLATE utf8mb4_unicode_ci NOT NULL,
  `id_tujuan` varchar(11) COLLATE utf8mb4_unicode_ci NOT NULL,
  `qty` int(11) NOT NULL,
  `created_at` timestamp NULL DEFAULT NULL,
  `updated_at` timestamp NULL DEFAULT NULL,
  PRIMARY KEY (`id_tb`,`id_barang`,`id_asal`,`id_tujuan`)
) ENGINE=InnoDB DEFAULT CHARSET=utf8mb4 COLLATE=utf8mb4_unicode_ci;

-- Dumping data for table cahayaprima.detiltb: ~9 rows (approximately)
/*!40000 ALTER TABLE `detiltb` DISABLE KEYS */;
INSERT INTO `detiltb` (`id_tb`, `id_barang`, `id_asal`, `id_tujuan`, `qty`, `created_at`, `updated_at`) VALUES
	('TB0001', 'BRG001', 'GDG01', 'GDG02', 20, '2020-10-22 07:52:37', '2020-10-22 07:52:37'),
	('TB0001', 'BRG003', 'GDG02', 'GDG03', 20, '2020-10-22 07:52:37', '2020-10-22 07:52:37'),
	('TB0002', 'BRG002', 'GDG02', 'GDG03', 30, '2020-10-22 07:53:18', '2020-10-22 07:53:18'),
	('TB0002', 'BRG004', 'GDG01', 'GDG02', 20, '2020-10-22 07:53:18', '2020-10-22 07:53:18'),
	('TB0003', 'BRG004', 'GDG03', 'GDG01', 80, '2020-11-09 07:21:06', '2020-11-09 07:21:06'),
	('TB0004', 'BRG002', 'GDG03', 'GDG01', 40, '2020-11-09 07:22:27', '2020-11-09 07:22:27'),
	('TB0004', 'BRG003', 'GDG03', 'GDG02', 30, '2020-11-09 07:22:27', '2020-11-09 07:22:27'),
	('TB0005', 'BRG00005', 'GDG03', 'GDG01', 70, '2020-11-25 13:53:39', '2020-11-25 13:53:39'),
	('TB0006', 'BRG00003', 'GDG03', 'GDG02', 30, '2020-11-25 13:54:59', '2020-11-25 13:54:59'),
	('TB0006', 'BRG00004', 'GDG01', 'GDG02', 50, '2020-11-25 13:54:58', '2020-11-25 13:54:58'),
	('TB0007', 'BRG00001', 'GDG01', 'GDG03', 10, '2020-11-30 18:38:56', '2020-11-30 18:38:56'),
	('TB0008', 'BRG00002', 'GDG01', 'GDG02', 10, '2020-11-30 18:39:32', '2020-11-30 18:39:32');
/*!40000 ALTER TABLE `detiltb` ENABLE KEYS */;

-- Dumping structure for table cahayaprima.detil_approval
CREATE TABLE IF NOT EXISTS `detil_approval` (
  `id_app` varchar(255) COLLATE utf8mb4_unicode_ci NOT NULL,
  `id_barang` varchar(255) COLLATE utf8mb4_unicode_ci NOT NULL,
  `id_gudang` varchar(255) COLLATE utf8mb4_unicode_ci NOT NULL,
  `harga` int(11) NOT NULL,
  `qty` int(11) NOT NULL,
  `diskon` varchar(50) COLLATE utf8mb4_unicode_ci DEFAULT '',
  `created_at` timestamp NULL DEFAULT NULL,
  `updated_at` timestamp NULL DEFAULT NULL,
  PRIMARY KEY (`id_app`,`id_barang`,`id_gudang`)
) ENGINE=InnoDB DEFAULT CHARSET=utf8mb4 COLLATE=utf8mb4_unicode_ci;

-- Dumping data for table cahayaprima.detil_approval: ~0 rows (approximately)
/*!40000 ALTER TABLE `detil_approval` DISABLE KEYS */;
/*!40000 ALTER TABLE `detil_approval` ENABLE KEYS */;

-- Dumping structure for table cahayaprima.failed_jobs
CREATE TABLE IF NOT EXISTS `failed_jobs` (
  `id` bigint(20) unsigned NOT NULL AUTO_INCREMENT,
  `connection` text COLLATE utf8mb4_unicode_ci NOT NULL,
  `queue` text COLLATE utf8mb4_unicode_ci NOT NULL,
  `payload` longtext COLLATE utf8mb4_unicode_ci NOT NULL,
  `exception` longtext COLLATE utf8mb4_unicode_ci NOT NULL,
  `failed_at` timestamp NOT NULL DEFAULT CURRENT_TIMESTAMP,
  PRIMARY KEY (`id`)
) ENGINE=InnoDB DEFAULT CHARSET=utf8mb4 COLLATE=utf8mb4_unicode_ci;

-- Dumping data for table cahayaprima.failed_jobs: ~0 rows (approximately)
/*!40000 ALTER TABLE `failed_jobs` DISABLE KEYS */;
/*!40000 ALTER TABLE `failed_jobs` ENABLE KEYS */;

-- Dumping structure for table cahayaprima.gudang
CREATE TABLE IF NOT EXISTS `gudang` (
  `id` varchar(20) COLLATE utf8mb4_unicode_ci NOT NULL DEFAULT '',
  `nama` varchar(255) COLLATE utf8mb4_unicode_ci NOT NULL,
  `alamat` text COLLATE utf8mb4_unicode_ci NOT NULL,
  `retur` varchar(1) COLLATE utf8mb4_unicode_ci NOT NULL DEFAULT 'F',
  `deleted_at` timestamp NULL DEFAULT NULL,
  `created_at` timestamp NULL DEFAULT NULL,
  `updated_at` timestamp NULL DEFAULT NULL,
  PRIMARY KEY (`id`)
) ENGINE=InnoDB DEFAULT CHARSET=utf8mb4 COLLATE=utf8mb4_unicode_ci;

-- Dumping data for table cahayaprima.gudang: ~3 rows (approximately)
/*!40000 ALTER TABLE `gudang` DISABLE KEYS */;
INSERT INTO `gudang` (`id`, `nama`, `alamat`, `retur`, `deleted_at`, `created_at`, `updated_at`) VALUES
	('GDG01', 'Johar Baru', 'Jr. Warga No. 199, Padangpanjang 21974, KalUt', 'F', NULL, NULL, '2020-08-25 18:10:13'),
	('GDG02', 'Bekasi', 'Jln. Adisucipto No. 250, Kendari 91316, SumSel', 'F', NULL, NULL, '2020-08-25 18:10:18'),
	('GDG03', 'Cempaka Putih', 'Dk. Basudewo No. 257, Banda Aceh 18509, Bengkulu', 'F', NULL, NULL, '2020-08-25 18:10:29'),
	('GDG04', 'Retur', 'Retur', 'T', NULL, '2020-12-07 15:07:24', '2020-12-07 15:07:24');
/*!40000 ALTER TABLE `gudang` ENABLE KEYS */;

-- Dumping structure for table cahayaprima.harga
CREATE TABLE IF NOT EXISTS `harga` (
  `id` varchar(20) COLLATE utf8mb4_unicode_ci NOT NULL DEFAULT '',
  `nama` varchar(255) COLLATE utf8mb4_unicode_ci NOT NULL,
  `tipe` varchar(10) COLLATE utf8mb4_unicode_ci NOT NULL,
  `deleted_at` timestamp NULL DEFAULT NULL,
  `created_at` timestamp NULL DEFAULT NULL,
  `updated_at` timestamp NULL DEFAULT NULL,
  PRIMARY KEY (`id`)
) ENGINE=InnoDB DEFAULT CHARSET=utf8mb4 COLLATE=utf8mb4_unicode_ci;

-- Dumping data for table cahayaprima.harga: ~1 rows (approximately)
/*!40000 ALTER TABLE `harga` DISABLE KEYS */;
INSERT INTO `harga` (`id`, `nama`, `tipe`, `deleted_at`, `created_at`, `updated_at`) VALUES
	('HRG01', 'Harga Beli (Pcs)', 'R', NULL, NULL, '2020-08-14 11:24:19');
/*!40000 ALTER TABLE `harga` ENABLE KEYS */;

-- Dumping structure for table cahayaprima.hargabarang
CREATE TABLE IF NOT EXISTS `hargabarang` (
  `id_barang` varchar(255) COLLATE utf8mb4_unicode_ci NOT NULL,
  `id_harga` varchar(255) COLLATE utf8mb4_unicode_ci NOT NULL,
  `harga` int(11) NOT NULL,
  `ppn` int(11) DEFAULT NULL,
  `harga_ppn` int(11) DEFAULT NULL,
  `deleted_at` timestamp NULL DEFAULT NULL,
  `created_at` timestamp NULL DEFAULT NULL,
  `updated_at` timestamp NULL DEFAULT NULL,
  PRIMARY KEY (`id_barang`,`id_harga`)
) ENGINE=InnoDB DEFAULT CHARSET=utf8mb4 COLLATE=utf8mb4_unicode_ci;

-- Dumping data for table cahayaprima.hargabarang: ~5 rows (approximately)
/*!40000 ALTER TABLE `hargabarang` DISABLE KEYS */;
INSERT INTO `hargabarang` (`id_barang`, `id_harga`, `harga`, `ppn`, `harga_ppn`, `deleted_at`, `created_at`, `updated_at`) VALUES
	('BRG00001', 'HRG01', 136363, 13637, 150000, NULL, '2020-08-11 17:24:56', '2020-10-26 06:45:14'),
	('BRG00002', 'HRG01', 181818, 18182, 200000, NULL, '2020-09-14 07:40:10', '2020-10-26 06:45:28'),
	('BRG00003', 'HRG01', 163636, 16364, 180000, NULL, '2020-09-14 07:40:27', '2020-10-26 06:45:35'),
	('BRG00004', 'HRG01', 109090, 10910, 120000, NULL, '2020-09-14 07:40:41', '2020-10-26 06:45:44'),
	('BRG00005', 'HRG01', 93955, 1045, 95000, NULL, '2020-09-14 07:40:58', '2020-10-21 18:57:06');
/*!40000 ALTER TABLE `hargabarang` ENABLE KEYS */;

-- Dumping structure for table cahayaprima.jenisbarang
CREATE TABLE IF NOT EXISTS `jenisbarang` (
  `id` varchar(255) COLLATE utf8mb4_unicode_ci NOT NULL,
  `nama` varchar(255) COLLATE utf8mb4_unicode_ci NOT NULL,
  `deleted_at` timestamp NULL DEFAULT NULL,
  `created_at` timestamp NULL DEFAULT NULL,
  `updated_at` timestamp NULL DEFAULT NULL,
  PRIMARY KEY (`id`)
) ENGINE=InnoDB DEFAULT CHARSET=utf8mb4 COLLATE=utf8mb4_unicode_ci;

-- Dumping data for table cahayaprima.jenisbarang: ~9 rows (approximately)
/*!40000 ALTER TABLE `jenisbarang` DISABLE KEYS */;
INSERT INTO `jenisbarang` (`id`, `nama`, `deleted_at`, `created_at`, `updated_at`) VALUES
	('KAT01', 'PHILLIPS', NULL, '2020-10-20 16:01:59', '2020-11-20 16:11:17'),
	('KAT02', 'SUPREME', NULL, '2020-10-20 16:02:07', '2020-10-20 16:02:07'),
	('KAT03', 'EXTRANA', NULL, '2020-10-20 16:02:14', '2020-10-20 16:02:14'),
	('KAT04', 'MCB', NULL, '2020-10-20 16:02:25', '2020-11-19 15:08:12'),
	('KAT05', 'NITTO', NULL, '2020-10-20 16:02:35', '2020-10-20 16:02:35'),
	('KAT06', 'SAKLAR', NULL, '2020-10-20 16:02:41', '2020-10-20 16:02:41'),
	('KAT07', 'MASPION', NULL, '2020-11-30 20:16:51', '2020-11-30 20:16:51'),
	('KAT08', 'PRIME', NULL, '2020-11-30 20:16:56', '2020-11-30 20:16:56'),
	('KAT09', 'STARK', NULL, '2020-12-02 12:54:15', '2020-12-02 12:54:15'),
	('KAT10', 'Tes Server', NULL, '2020-12-16 00:45:09', '2020-12-16 00:45:09');
/*!40000 ALTER TABLE `jenisbarang` ENABLE KEYS */;

-- Dumping structure for table cahayaprima.migrations
CREATE TABLE IF NOT EXISTS `migrations` (
  `id` int(10) unsigned NOT NULL AUTO_INCREMENT,
  `migration` varchar(255) COLLATE utf8mb4_unicode_ci NOT NULL,
  `batch` int(11) NOT NULL,
  PRIMARY KEY (`id`)
) ENGINE=InnoDB AUTO_INCREMENT=42 DEFAULT CHARSET=utf8mb4 COLLATE=utf8mb4_unicode_ci;

-- Dumping data for table cahayaprima.migrations: ~34 rows (approximately)
/*!40000 ALTER TABLE `migrations` DISABLE KEYS */;
INSERT INTO `migrations` (`id`, `migration`, `batch`) VALUES
	(1, '2014_10_12_000000_create_users_table', 1),
	(2, '2014_10_12_100000_create_password_resets_table', 1),
	(3, '2019_08_19_000000_create_failed_jobs_table', 1),
	(4, '2020_08_04_135131_create_supplier_table', 1),
	(5, '2020_08_05_122012_create_barang_table', 2),
	(6, '2020_08_05_133520_create_gudang_table', 3),
	(7, '2020_08_05_141659_create_harga_table', 4),
	(8, '2020_08_06_085059_create_customer_table', 5),
	(9, '2020_08_10_113713_create_po_table', 6),
	(10, '2020_08_11_080254_create_hargabarang_table', 7),
	(11, '2020_08_12_065508_update_po_table', 8),
	(12, '2020_08_13_174149_create_tempdetil_table', 9),
	(13, '2020_08_19_071049_create_so_table', 10),
	(14, '2020_08_25_173535_create_stok_table', 11),
	(15, '2020_09_07_121300_create_sales_table', 12),
	(16, '2020_09_09_143724_create_barangmasuk_table', 13),
	(17, '2020_09_14_085927_create_transferbarang_table', 14),
	(18, '2020_09_14_090231_create_detiltb_table', 15),
	(19, '2020_09_14_090724_create_temp_detiltb_table', 16),
	(20, '2020_09_15_074535_create_sj_table', 17),
	(21, '2020_09_15_075020_create_detilsj_table', 18),
	(22, '2020_09_15_104640_create_tempdetilpo_table', 19),
	(23, '2020_10_19_083837_create_ar_table', 20),
	(24, '2020_10_19_102445_change_ar_field', 21),
	(25, '2020_10_20_053349_create_ap_table', 22),
	(26, '2020_10_20_154821_create_jenisbarang_table', 23),
	(27, '2020_10_31_160229_create_detilar_table', 24),
	(28, '2020_11_01_130428_create_detilap_table', 25),
	(29, '2020_11_19_124119_create_subjenis_table', 26),
	(30, '2020_12_03_131212_create_tandaterima_table', 27),
	(31, '2020_12_07_171604_create_retur_table', 28),
	(32, '2020_12_07_171726_create_detilretur_table', 29),
	(33, '2020_12_07_172224_create_detilretur_table', 30),
	(34, '2020_12_07_233019_create_returjual_table', 31),
	(35, '2020_12_08_020847_create_detilrb_table', 32),
	(36, '2020_12_12_144914_create_returbeli_table', 33),
	(37, '2020_12_13_003231_create_returterima_table', 34),
	(38, '2020_12_14_112339_create_detilrar_table', 35),
	(39, '2020_12_14_115058_create_ar_retur_table', 36),
	(40, '2020_12_14_192704_create_ap_retur_table', 37),
	(41, '2020_12_14_192829_create_detilrap_table', 38);
/*!40000 ALTER TABLE `migrations` ENABLE KEYS */;

-- Dumping structure for table cahayaprima.need_appdetil
CREATE TABLE IF NOT EXISTS `need_appdetil` (
  `id_app` varchar(11) COLLATE utf8mb4_unicode_ci NOT NULL,
  `id_barang` varchar(11) COLLATE utf8mb4_unicode_ci NOT NULL,
  `id_gudang` varchar(11) COLLATE utf8mb4_unicode_ci NOT NULL,
  `qty` int(11) NOT NULL,
  `harga` int(11) NOT NULL,
  `diskon` varchar(50) COLLATE utf8mb4_unicode_ci DEFAULT NULL,
  `diskonRp` int(12) DEFAULT NULL,
  `created_at` timestamp NULL DEFAULT NULL,
  `updated_at` timestamp NULL DEFAULT NULL,
  PRIMARY KEY (`id_app`,`id_barang`,`id_gudang`)
) ENGINE=InnoDB DEFAULT CHARSET=utf8mb4 COLLATE=utf8mb4_unicode_ci;

-- Dumping data for table cahayaprima.need_appdetil: ~0 rows (approximately)
/*!40000 ALTER TABLE `need_appdetil` DISABLE KEYS */;
/*!40000 ALTER TABLE `need_appdetil` ENABLE KEYS */;

-- Dumping structure for table cahayaprima.need_approval
CREATE TABLE IF NOT EXISTS `need_approval` (
  `id` varchar(255) COLLATE utf8mb4_unicode_ci NOT NULL,
  `tanggal` timestamp NOT NULL,
  `status` varchar(50) COLLATE utf8mb4_unicode_ci NOT NULL,
  `keterangan` varchar(225) COLLATE utf8mb4_unicode_ci NOT NULL,
  `id_dokumen` varchar(255) COLLATE utf8mb4_unicode_ci NOT NULL,
  `tipe` varchar(255) COLLATE utf8mb4_unicode_ci NOT NULL,
  `created_at` timestamp NULL DEFAULT NULL,
  `updated_at` timestamp NULL DEFAULT NULL,
  PRIMARY KEY (`id`)
) ENGINE=InnoDB DEFAULT CHARSET=utf8mb4 COLLATE=utf8mb4_unicode_ci ROW_FORMAT=DYNAMIC;

-- Dumping data for table cahayaprima.need_approval: ~0 rows (approximately)
/*!40000 ALTER TABLE `need_approval` DISABLE KEYS */;
/*!40000 ALTER TABLE `need_approval` ENABLE KEYS */;

-- Dumping structure for table cahayaprima.password_resets
CREATE TABLE IF NOT EXISTS `password_resets` (
  `email` varchar(255) COLLATE utf8mb4_unicode_ci NOT NULL,
  `token` varchar(255) COLLATE utf8mb4_unicode_ci NOT NULL,
  `created_at` timestamp NULL DEFAULT NULL,
  KEY `password_resets_email_index` (`email`)
) ENGINE=InnoDB DEFAULT CHARSET=utf8mb4 COLLATE=utf8mb4_unicode_ci;

-- Dumping data for table cahayaprima.password_resets: ~0 rows (approximately)
/*!40000 ALTER TABLE `password_resets` DISABLE KEYS */;
/*!40000 ALTER TABLE `password_resets` ENABLE KEYS */;

-- Dumping structure for table cahayaprima.po
CREATE TABLE IF NOT EXISTS `po` (
  `id` varchar(20) COLLATE utf8mb4_unicode_ci NOT NULL DEFAULT '',
  `tgl_po` date NOT NULL,
  `id_supplier` varchar(255) COLLATE utf8mb4_unicode_ci NOT NULL,
  `total` int(11) NOT NULL,
  `status` varchar(255) COLLATE utf8mb4_unicode_ci NOT NULL,
  `deleted_at` timestamp NULL DEFAULT NULL,
  `created_at` timestamp NULL DEFAULT NULL,
  `updated_at` timestamp NULL DEFAULT NULL,
  PRIMARY KEY (`id`)
) ENGINE=InnoDB DEFAULT CHARSET=utf8mb4 COLLATE=utf8mb4_unicode_ci;

-- Dumping data for table cahayaprima.po: ~8 rows (approximately)
/*!40000 ALTER TABLE `po` DISABLE KEYS */;
INSERT INTO `po` (`id`, `tgl_po`, `id_supplier`, `total`, `status`, `deleted_at`, `created_at`, `updated_at`) VALUES
	('PO0001', '2020-09-21', 'SUP001', 1518000, 'PENDING', NULL, '2020-09-21 11:54:44', '2020-09-21 11:54:44'),
	('PO0002', '2020-09-21', 'SUP002', 264000, 'PENDING', NULL, '2020-09-21 11:55:16', '2020-09-21 11:55:16'),
	('PO0003', '2020-09-21', 'SUP002', 198000, 'PENDING', NULL, '2020-09-21 11:55:39', '2020-09-21 11:55:39'),
	('PO0004', '2020-09-21', 'SUP004', 220000, 'PENDING', NULL, '2020-09-21 11:56:10', '2020-09-21 11:56:10'),
	('PO0005', '2020-09-21', 'SUP004', 187000, 'PENDING', NULL, '2020-09-21 12:54:26', '2020-09-21 12:54:26'),
	('PO0006', '2020-09-21', 'SUP002', 214500, 'PENDING', NULL, '2020-09-21 12:56:35', '2020-09-21 12:56:35'),
	('PO0007', '2020-09-25', 'SUP003', 154, 'PENDING', NULL, '2020-09-25 08:06:57', '2020-09-25 08:06:57'),
	('PO0008', '2020-09-25', 'SUP002', 253, 'PENDING', NULL, '2020-09-25 08:11:37', '2020-09-25 08:11:37'),
	('PO0009', '2020-09-25', 'SUP002', 3300000, 'PENDING', NULL, '2020-09-25 12:21:15', '2020-09-25 12:21:15'),
	('PO0010', '2020-09-25', 'SUP003', 66000000, 'PENDING', NULL, '2020-09-25 12:22:58', '2020-09-25 12:22:58');
/*!40000 ALTER TABLE `po` ENABLE KEYS */;

-- Dumping structure for table cahayaprima.returbeli
CREATE TABLE IF NOT EXISTS `returbeli` (
  `id` varchar(255) COLLATE utf8mb4_unicode_ci NOT NULL,
  `tanggal` date NOT NULL,
  `id_supplier` varchar(255) COLLATE utf8mb4_unicode_ci NOT NULL,
  `status` varchar(255) COLLATE utf8mb4_unicode_ci NOT NULL,
  `created_at` timestamp NULL DEFAULT NULL,
  `updated_at` timestamp NULL DEFAULT NULL,
  PRIMARY KEY (`id`)
) ENGINE=InnoDB DEFAULT CHARSET=utf8mb4 COLLATE=utf8mb4_unicode_ci;

-- Dumping data for table cahayaprima.returbeli: ~4 rows (approximately)
/*!40000 ALTER TABLE `returbeli` DISABLE KEYS */;
INSERT INTO `returbeli` (`id`, `tanggal`, `id_supplier`, `status`, `created_at`, `updated_at`) VALUES
	('RTB0001', '2020-12-12', 'SUP001', 'LENGKAP', '2020-12-12 15:39:55', '2020-12-13 15:37:56'),
	('RTB0002', '2020-12-12', 'SUP003', 'LENGKAP', '2020-12-12 15:42:54', '2020-12-13 01:52:18'),
	('RTB0003', '2020-12-13', 'SUP004', 'LENGKAP', '2020-12-13 01:55:26', '2020-12-13 03:04:31'),
	('RTB0004', '2020-12-13', 'SUP005', 'LENGKAP', '2020-12-13 01:55:43', '2020-12-13 15:20:38'),
	('RTB0005', '2020-12-13', 'SUP002', 'LENGKAP', '2020-12-13 15:14:53', '2020-12-13 15:15:07');
/*!40000 ALTER TABLE `returbeli` ENABLE KEYS */;

-- Dumping structure for table cahayaprima.returjual
CREATE TABLE IF NOT EXISTS `returjual` (
  `id` varchar(255) COLLATE utf8mb4_unicode_ci NOT NULL,
  `tanggal` date NOT NULL,
  `id_customer` varchar(255) COLLATE utf8mb4_unicode_ci NOT NULL,
  `status` varchar(255) COLLATE utf8mb4_unicode_ci NOT NULL,
  `created_at` timestamp NULL DEFAULT NULL,
  `updated_at` timestamp NULL DEFAULT NULL,
  PRIMARY KEY (`id`)
) ENGINE=InnoDB DEFAULT CHARSET=utf8mb4 COLLATE=utf8mb4_unicode_ci;

-- Dumping data for table cahayaprima.returjual: ~4 rows (approximately)
/*!40000 ALTER TABLE `returjual` DISABLE KEYS */;
INSERT INTO `returjual` (`id`, `tanggal`, `id_customer`, `status`, `created_at`, `updated_at`) VALUES
	('RTJ0001', '2020-12-11', 'CUS00001', 'INPUT', '2020-12-11 18:29:41', '2020-12-11 18:29:41'),
	('RTJ0002', '2020-12-11', 'CUS00004', 'LENGKAP', '2020-12-11 18:37:02', '2020-12-11 20:28:11'),
	('RTJ0003', '2020-12-11', 'CUS00003', 'INPUT', '2020-12-11 18:37:57', '2020-12-13 02:25:52'),
	('RTJ0004', '2020-12-11', 'CUS00002', 'LENGKAP', '2020-12-11 18:44:19', '2020-12-12 01:33:03');
/*!40000 ALTER TABLE `returjual` ENABLE KEYS */;

-- Dumping structure for table cahayaprima.returterima
CREATE TABLE IF NOT EXISTS `returterima` (
  `id` varchar(255) COLLATE utf8mb4_unicode_ci NOT NULL,
  `id_retur` varchar(255) COLLATE utf8mb4_unicode_ci NOT NULL,
  `tanggal` date NOT NULL,
  `created_at` timestamp NULL DEFAULT NULL,
  `updated_at` timestamp NULL DEFAULT NULL,
  PRIMARY KEY (`id`)
) ENGINE=InnoDB DEFAULT CHARSET=utf8mb4 COLLATE=utf8mb4_unicode_ci;

-- Dumping data for table cahayaprima.returterima: ~11 rows (approximately)
/*!40000 ALTER TABLE `returterima` DISABLE KEYS */;
INSERT INTO `returterima` (`id`, `id_retur`, `tanggal`, `created_at`, `updated_at`) VALUES
	('TRM0001', 'RTB0001', '2020-12-13', '2020-12-13 01:41:41', '2020-12-13 01:41:41'),
	('TRM0002', 'RTB0001', '2020-12-14', '2020-12-13 01:42:37', '2020-12-13 01:42:37'),
	('TRM0003', 'RTB0002', '2020-12-14', '2020-12-13 01:51:33', '2020-12-13 01:51:33'),
	('TRM0004', 'RTB0002', '2020-12-15', '2020-12-13 01:52:18', '2020-12-13 01:52:18'),
	('TRM0005', 'RTB0003', '2020-12-13', '2020-12-13 02:13:46', '2020-12-13 02:13:46'),
	('TRM0006', 'RTB0003', '2020-12-14', '2020-12-13 02:13:47', '2020-12-13 02:13:47'),
	('TRM0007', 'RTB0003', '2020-12-14', '2020-12-13 03:04:30', '2020-12-13 03:04:30'),
	('TRM0008', 'RTB0003', '2020-12-15', '2020-12-13 03:04:30', '2020-12-13 03:04:30'),
	('TRM0009', 'RTB0005', '2020-12-15', '2020-12-13 15:15:07', '2020-12-13 15:15:07'),
	('TRM0010', 'RTB0004', '2020-12-15', '2020-12-13 15:20:38', '2020-12-13 15:20:38'),
	('TRM0011', 'RTB0001', '2020-12-15', '2020-12-13 15:20:51', '2020-12-13 15:20:51'),
	('TRM0012', 'RTB0001', '2020-12-15', '2020-12-13 15:37:56', '2020-12-13 15:37:56');
/*!40000 ALTER TABLE `returterima` ENABLE KEYS */;

-- Dumping structure for table cahayaprima.sales
CREATE TABLE IF NOT EXISTS `sales` (
  `id` varchar(255) COLLATE utf8mb4_unicode_ci NOT NULL,
  `nama` varchar(255) COLLATE utf8mb4_unicode_ci NOT NULL,
  `created_at` timestamp NULL DEFAULT NULL,
  `updated_at` timestamp NULL DEFAULT NULL,
  `deleted_at` timestamp NULL DEFAULT NULL,
  PRIMARY KEY (`id`)
) ENGINE=InnoDB DEFAULT CHARSET=utf8mb4 COLLATE=utf8mb4_unicode_ci;

-- Dumping data for table cahayaprima.sales: ~18 rows (approximately)
/*!40000 ALTER TABLE `sales` DISABLE KEYS */;
INSERT INTO `sales` (`id`, `nama`, `created_at`, `updated_at`, `deleted_at`) VALUES
	('SLS01', 'Ibu', '2020-09-07 14:02:48', '2020-11-23 13:29:15', NULL),
	('SLS02', 'Arifin', '2020-09-07 14:16:31', '2020-11-23 13:28:04', NULL),
	('SLS03', 'Office 02', '2020-11-23 13:28:30', '2020-11-23 13:36:50', NULL),
	('SLS04', 'Office', '2020-09-07 14:16:37', '2020-11-23 13:36:30', NULL),
	('SLS05', 'Back Office', '2020-11-23 13:29:42', '2020-11-23 13:37:05', NULL),
	('SLS06', 'Iwan', '2020-11-23 13:29:50', '2020-11-23 13:37:17', NULL),
	('SLS07', 'Rendi', '2020-11-23 13:30:00', '2020-11-23 13:37:23', NULL),
	('SLS08', 'Riski', '2020-11-23 13:30:21', '2020-11-23 13:37:44', NULL),
	('SLS09', 'Syahril', '2020-11-23 13:30:35', '2020-11-23 13:37:51', NULL),
	('SLS10', 'Sunar', '2020-11-23 13:30:40', '2020-11-23 13:38:04', NULL),
	('SLS11', 'Office (Th)', '2020-11-23 13:30:54', '2020-11-23 13:38:12', NULL),
	('SLS12', 'Fadil', '2020-11-23 13:31:04', '2020-11-23 13:38:28', NULL),
	('SLS13', 'Irawan (Z)', '2020-11-23 13:31:11', '2020-11-23 13:38:36', NULL),
	('SLS14', 'Irawan', '2020-11-23 13:31:34', '2020-11-23 13:44:00', NULL),
	('SLS15', 'Irawan (OP)', '2020-11-23 13:31:39', '2020-11-23 13:44:12', NULL),
	('SLS16', 'Irawan (Jef)', '2020-11-23 13:31:44', '2020-11-23 13:44:25', NULL),
	('SLS17', 'Irawan (Adi)', '2020-11-23 13:32:07', '2020-11-23 13:44:35', NULL),
	('SLS18', 'Tes', '2020-12-16 00:36:21', '2020-12-16 00:36:21', NULL);
/*!40000 ALTER TABLE `sales` ENABLE KEYS */;

-- Dumping structure for table cahayaprima.sj
CREATE TABLE IF NOT EXISTS `sj` (
  `id_so` varchar(255) COLLATE utf8mb4_unicode_ci NOT NULL,
  `tgl_sj` date NOT NULL,
  `keterangan` varchar(255) COLLATE utf8mb4_unicode_ci NOT NULL,
  `created_at` timestamp NULL DEFAULT NULL,
  `updated_at` timestamp NULL DEFAULT NULL,
  `deleted_at` timestamp NULL DEFAULT NULL,
  PRIMARY KEY (`id_so`)
) ENGINE=InnoDB DEFAULT CHARSET=utf8mb4 COLLATE=utf8mb4_unicode_ci;

-- Dumping data for table cahayaprima.sj: ~4 rows (approximately)
/*!40000 ALTER TABLE `sj` DISABLE KEYS */;
INSERT INTO `sj` (`id_so`, `tgl_sj`, `keterangan`, `created_at`, `updated_at`, `deleted_at`) VALUES
	('INV0001', '2020-09-15', 'Perubahan Jumlah Barang yg Dipesan', '2020-09-15 08:26:53', '2020-09-15 08:26:53', NULL),
	('INV0002', '2020-09-15', 'Perubahan Jumlah Barang yg Dipesan', '2020-09-15 08:33:51', '2020-09-15 08:33:51', NULL),
	('INV0003', '2020-09-15', 'Perubahan Jumlah Barang yg Dipesan', '2020-09-15 08:38:36', '2020-09-15 08:38:36', NULL),
	('INV0004', '2020-09-15', 'Perubahan Jumlah Barang yg Dipesan', '2020-09-15 08:40:27', '2020-09-15 08:40:27', NULL);
/*!40000 ALTER TABLE `sj` ENABLE KEYS */;

-- Dumping structure for table cahayaprima.so
CREATE TABLE IF NOT EXISTS `so` (
  `id` varchar(255) COLLATE utf8mb4_unicode_ci NOT NULL,
  `tgl_so` date NOT NULL,
  `tgl_kirim` date NOT NULL,
  `total` int(11) NOT NULL,
  `diskon` int(11) DEFAULT NULL,
  `kategori` varchar(11) COLLATE utf8mb4_unicode_ci NOT NULL DEFAULT '',
  `tempo` int(11) NOT NULL DEFAULT '0',
  `pkp` tinyint(1) NOT NULL DEFAULT '0',
  `status` varchar(255) COLLATE utf8mb4_unicode_ci NOT NULL,
  `id_customer` varchar(255) COLLATE utf8mb4_unicode_ci NOT NULL,
  `id_user` varchar(50) COLLATE utf8mb4_unicode_ci NOT NULL,
  `deleted_at` timestamp NULL DEFAULT NULL,
  `created_at` timestamp NULL DEFAULT NULL,
  `updated_at` timestamp NULL DEFAULT NULL,
  PRIMARY KEY (`id`)
) ENGINE=InnoDB DEFAULT CHARSET=utf8mb4 COLLATE=utf8mb4_unicode_ci;

-- Dumping data for table cahayaprima.so: ~13 rows (approximately)
/*!40000 ALTER TABLE `so` DISABLE KEYS */;
INSERT INTO `so` (`id`, `tgl_so`, `tgl_kirim`, `total`, `diskon`, `kategori`, `tempo`, `pkp`, `status`, `id_customer`, `id_user`, `deleted_at`, `created_at`, `updated_at`) VALUES
	('INV0001', '2020-10-16', '2020-12-04', 16830000, 0, 'Cash', 0, 0, 'INPUT', 'CUS00001', '1', NULL, '2020-10-16 17:19:37', '2020-10-16 17:19:37'),
	('INV0002', '2020-10-16', '2020-12-04', 29412500, 0, 'Cash', 0, 0, 'INPUT', 'CUS00003', '1', NULL, '2020-10-16 17:21:35', '2020-10-16 17:21:35'),
	('INV0003', '2020-10-18', '2020-12-04', 21605000, 0, 'Prime', 30, 0, 'INPUT', 'CUS00004', '1', NULL, '2020-10-18 17:22:52', '2020-10-18 17:22:52'),
	('INV0004', '2020-10-22', '2020-12-04', 18450000, 0, 'Prime', 30, 0, 'INPUT', 'CUS00005', '1', NULL, '2020-10-22 17:23:42', '2020-10-22 17:23:42'),
	('INV0005', '2020-11-04', '2020-12-04', 21540000, 0, 'Cash', 0, 0, 'INPUT', 'CUS00002', '1', NULL, '2020-11-04 17:24:50', '2020-11-04 17:24:50'),
	('INV0006', '2020-11-09', '2020-12-04', 18050000, 0, 'Extrana', 20, 0, 'INPUT', 'CUS00004', '1', NULL, '2020-11-09 17:26:12', '2020-11-09 17:26:12'),
	('INV0007', '2020-11-16', '2020-12-04', 10080000, 0, 'Cash', 0, 0, 'INPUT', 'CUS00002', '1', NULL, '2020-11-16 17:31:07', '2020-11-16 17:31:07'),
	('INV0008', '2020-11-16', '2020-12-04', 12450000, 0, 'Prime', 10, 0, 'INPUT', 'CUS00001', '1', NULL, '2020-11-16 17:31:51', '2020-11-16 17:31:51'),
	('INV0009', '2020-11-23', '2020-12-04', 21271000, 0, 'Cash', 0, 0, 'INPUT', 'CUS00004', '1', NULL, '2020-11-23 17:32:34', '2020-11-23 17:32:34'),
	('INV0010', '2020-11-26', '2020-12-04', 17200000, 0, 'Extrana', 30, 1, 'INPUT', 'CUS00005', '1', NULL, '2020-11-26 17:33:14', '2020-11-26 17:33:14'),
	('INV0011', '2020-12-04', '2020-12-04', 21285000, 0, 'Cash', 0, 0, 'INPUT', 'CUS00003', '1', NULL, '2020-12-04 17:35:11', '2020-12-04 17:35:11'),
	('INV0012', '2020-12-04', '2020-12-04', 14012500, 0, 'Extrana', 20, 0, 'INPUT', 'CUS00001', '1', NULL, '2020-12-04 17:35:53', '2020-12-04 17:35:53'),
	('INV0013', '2020-12-15', '2020-12-15', 1282250, 100000, 'Cash', 0, 0, 'INPUT', 'CUS00004', '1', NULL, '2020-12-15 01:19:14', '2020-12-15 01:19:14');
/*!40000 ALTER TABLE `so` ENABLE KEYS */;

-- Dumping structure for table cahayaprima.stok
CREATE TABLE IF NOT EXISTS `stok` (
  `id_barang` varchar(255) COLLATE utf8mb4_unicode_ci NOT NULL,
  `id_gudang` varchar(255) COLLATE utf8mb4_unicode_ci NOT NULL,
  `status` varchar(1) COLLATE utf8mb4_unicode_ci NOT NULL DEFAULT '',
  `stok` int(11) NOT NULL,
  `deleted_at` timestamp NULL DEFAULT NULL,
  `created_at` timestamp NULL DEFAULT NULL,
  `updated_at` timestamp NULL DEFAULT NULL,
  PRIMARY KEY (`id_barang`,`id_gudang`,`status`)
) ENGINE=InnoDB DEFAULT CHARSET=utf8mb4 COLLATE=utf8mb4_unicode_ci;

-- Dumping data for table cahayaprima.stok: ~33 rows (approximately)
/*!40000 ALTER TABLE `stok` DISABLE KEYS */;
INSERT INTO `stok` (`id_barang`, `id_gudang`, `status`, `stok`, `deleted_at`, `created_at`, `updated_at`) VALUES
	('BRG00001', 'GDG01', 'T', 10, NULL, '2020-12-04 17:09:23', '2020-12-16 00:55:11'),
	('BRG00001', 'GDG02', 'T', 0, NULL, '2020-12-04 17:13:46', '2020-12-04 17:35:11'),
	('BRG00001', 'GDG03', 'T', 40, NULL, '2020-12-04 17:14:59', '2020-12-04 17:35:11'),
	('BRG00001', 'GDG04', 'F', 39, NULL, '2020-12-04 17:14:59', '2020-12-15 00:27:06'),
	('BRG00001', 'GDG04', 'T', 80, NULL, '2020-12-04 17:14:59', '2020-12-13 15:15:07'),
	('BRG00002', 'GDG01', 'T', 0, NULL, '2020-12-04 17:10:29', '2020-12-04 17:33:14'),
	('BRG00002', 'GDG02', 'T', 0, NULL, '2020-12-04 17:11:38', '2020-12-04 17:35:53'),
	('BRG00002', 'GDG03', 'T', 50, NULL, '2020-12-04 17:16:41', '2020-12-04 17:16:41'),
	('BRG00002', 'GDG04', 'F', 32, NULL, '2020-12-04 17:16:41', '2020-12-12 15:42:54'),
	('BRG00002', 'GDG04', 'T', 49, NULL, '2020-12-04 17:16:41', '2020-12-13 02:25:52'),
	('BRG00003', 'GDG01', 'T', 0, NULL, '2020-12-04 17:09:23', '2020-12-04 17:32:34'),
	('BRG00003', 'GDG02', 'T', 0, NULL, '2020-12-04 17:11:14', '2020-12-04 17:35:11'),
	('BRG00003', 'GDG03', 'T', 30, NULL, '2020-12-04 17:15:44', '2020-12-04 17:26:12'),
	('BRG00003', 'GDG04', 'F', 30, NULL, '2020-12-07 20:05:12', '2020-12-14 19:58:03'),
	('BRG00003', 'GDG04', 'T', 83, NULL, '2020-12-04 17:15:44', '2020-12-13 15:20:38'),
	('BRG00004', 'GDG01', 'T', 0, NULL, '2020-12-04 17:14:25', '2020-12-04 17:31:07'),
	('BRG00004', 'GDG02', 'T', 0, NULL, '2020-12-04 17:11:14', '2020-12-04 17:35:11'),
	('BRG00004', 'GDG03', 'T', 30, NULL, '2020-12-04 17:15:44', '2020-12-04 17:35:12'),
	('BRG00004', 'GDG04', 'F', 35, NULL, '2020-12-04 17:15:44', '2020-12-14 19:57:44'),
	('BRG00004', 'GDG04', 'T', 35, NULL, '2020-12-04 17:15:44', '2020-12-13 15:37:56'),
	('BRG00005', 'GDG01', 'T', 0, NULL, '2020-12-04 17:09:24', '2020-12-04 17:32:35'),
	('BRG00005', 'GDG02', 'T', 0, NULL, '2020-12-04 17:13:46', '2020-12-04 17:35:53'),
	('BRG00005', 'GDG03', 'T', 40, NULL, '2020-12-04 17:17:01', '2020-12-04 17:32:35'),
	('BRG00005', 'GDG04', 'F', 25, NULL, '2020-12-07 19:55:49', '2020-12-15 00:55:24'),
	('BRG00005', 'GDG04', 'T', 43, NULL, '2020-12-04 17:17:01', '2020-12-13 01:51:33'),
	('BRG0001', 'GDG01', 'T', 10, NULL, '2020-12-02 13:32:30', '2020-12-02 13:32:30'),
	('BRG0001', 'GDG02', 'T', 10, NULL, '2020-12-02 13:32:30', '2020-12-02 13:32:30'),
	('BRG0001', 'GDG03', 'T', 10, NULL, '2020-12-02 13:32:30', '2020-12-02 13:32:30'),
	('BRG0001', 'GDG04', 'F', 10, NULL, '2020-12-11 18:29:41', '2020-12-11 18:29:41'),
	('BRG0005', 'GDG01', 'T', 50, NULL, '2020-12-02 13:32:42', '2020-12-02 13:32:42'),
	('BRG0005', 'GDG02', 'T', 0, NULL, '2020-12-02 13:32:42', '2020-12-02 13:32:42'),
	('BRG0005', 'GDG03', 'T', 10, NULL, '2020-12-02 13:32:42', '2020-12-02 13:32:42'),
	('BRG0095', 'GDG01', 'T', 50, NULL, '2020-12-02 13:33:04', '2020-12-02 13:33:04'),
	('BRG0095', 'GDG02', 'T', 5, NULL, '2020-12-02 13:33:04', '2020-12-02 13:33:04'),
	('BRG0095', 'GDG03', 'T', 5, NULL, '2020-12-02 13:33:04', '2020-12-02 13:33:04');
/*!40000 ALTER TABLE `stok` ENABLE KEYS */;

-- Dumping structure for table cahayaprima.subjenis
CREATE TABLE IF NOT EXISTS `subjenis` (
  `id` varchar(255) COLLATE utf8mb4_unicode_ci NOT NULL,
  `nama` varchar(255) COLLATE utf8mb4_unicode_ci NOT NULL,
  `id_kategori` varchar(255) COLLATE utf8mb4_unicode_ci NOT NULL,
  `limit` int(3) NOT NULL DEFAULT '0',
  `deleted_at` timestamp NULL DEFAULT NULL,
  `created_at` timestamp NULL DEFAULT NULL,
  `updated_at` timestamp NULL DEFAULT NULL,
  PRIMARY KEY (`id`)
) ENGINE=InnoDB DEFAULT CHARSET=utf8mb4 COLLATE=utf8mb4_unicode_ci;

-- Dumping data for table cahayaprima.subjenis: ~32 rows (approximately)
/*!40000 ALTER TABLE `subjenis` DISABLE KEYS */;
INSERT INTO `subjenis` (`id`, `nama`, `id_kategori`, `limit`, `deleted_at`, `created_at`, `updated_at`) VALUES
	('SUB01', 'BALLAST TL-D', 'KAT01', 50, NULL, '2020-11-19 13:11:00', '2020-11-19 13:18:21'),
	('SUB02', 'SIMBAT', 'KAT01', 50, NULL, '2020-11-19 14:26:02', '2020-11-19 14:26:02'),
	('SUB03', 'HELLIX (CDL)', 'KAT01', 50, NULL, '2020-11-19 14:26:22', '2020-11-23 19:46:28'),
	('SUB04', 'CFL-I ESSENTIAL (CDL / WW)', 'KAT01', 50, NULL, '2020-11-19 14:26:39', '2020-11-23 19:47:45'),
	('SUB05', 'CFL-I SITRANG (CDL)', 'KAT01', 50, NULL, '2020-11-19 14:26:50', '2020-11-23 19:47:22'),
	('SUB06', 'LED BULB (CDL / WW)', 'KAT01', 50, NULL, '2020-11-19 14:27:13', '2020-11-23 19:47:39'),
	('SUB07', 'LED BULP LAMP MYCARE', 'KAT01', 50, NULL, '2020-11-19 14:28:14', '2020-11-23 19:48:02'),
	('SUB08', 'LED BULP LAMP', 'KAT01', 50, NULL, '2020-11-23 19:49:03', '2020-11-23 19:49:03'),
	('SUB09', 'LED BULB PACK 3+1', 'KAT01', 50, NULL, '2020-11-23 19:49:14', '2020-11-23 19:49:14'),
	('SUB10', 'TLD / NEON (CDL)', 'KAT01', 50, NULL, '2020-11-23 19:49:25', '2020-11-23 19:49:25'),
	('SUB11', 'ECOFIT / T8 (CDL)', 'KAT01', 50, NULL, '2020-11-23 19:49:43', '2020-11-23 19:49:43'),
	('SUB12', 'KAP BATTEN', 'KAT01', 50, NULL, '2020-11-23 19:49:57', '2020-11-23 19:49:57'),
	('SUB13', 'LED STICK', 'KAT01', 50, NULL, '2020-11-23 19:50:09', '2020-11-23 19:50:09'),
	('SUB14', 'MCB SCHNEIDER DOMAE', 'KAT04', 50, NULL, '2020-11-23 19:50:23', '2020-11-23 19:50:23'),
	('SUB15', 'CFL-I TORNADO (CDL / WW)', 'KAT01', 50, NULL, '2020-11-23 19:50:47', '2020-11-23 19:50:47'),
	('SUB16', 'TL STARTER & NITTO', 'KAT05', 50, NULL, '2020-11-23 19:50:59', '2020-11-23 19:50:59'),
	('SUB17', 'KABEL SUPREME', 'KAT02', 30, NULL, '2020-11-23 19:51:33', '2020-11-23 19:51:33'),
	('SUB18', 'LED DOWNLIGHT SMART BRIGHT (DN027B (CDL / WW) )', 'KAT01', 50, NULL, '2020-11-23 19:52:31', '2020-11-23 19:52:31'),
	('SUB19', 'MESON', 'KAT01', 50, NULL, '2020-11-23 19:53:15', '2020-11-23 19:53:15'),
	('SUB20', 'ERIDANI (WW / CDL)', 'KAT01', 50, NULL, '2020-11-23 19:53:34', '2020-11-23 19:53:34'),
	('SUB21', 'DOWNLIGHT', 'KAT01', 50, NULL, '2020-11-23 19:54:05', '2020-11-23 19:54:05'),
	('SUB22', 'DN020B CDL / WW', 'KAT01', 50, NULL, '2020-11-23 19:54:37', '2020-11-23 19:54:37'),
	('SUB23', 'ESS LED MR16 (WW / CDL)', 'KAT01', 50, NULL, '2020-11-23 19:54:51', '2020-11-23 19:54:51'),
	('SUB24', 'KABEL EXTRANA', 'KAT03', 30, NULL, '2020-11-26 01:44:52', '2020-11-26 01:44:52'),
	('SUB25', 'SAKLAR', 'KAT06', 50, NULL, '2020-11-30 20:50:49', '2020-11-30 20:50:49'),
	('SUB26', 'EXHAUST FAN', 'KAT07', 20, NULL, '2020-11-30 20:53:05', '2020-11-30 20:53:05'),
	('SUB27', 'SETRIKA', 'KAT07', 20, NULL, '2020-11-30 20:53:16', '2020-11-30 20:53:16'),
	('SUB28', 'VENTILATING', 'KAT07', 20, NULL, '2020-11-30 20:53:32', '2020-11-30 20:53:32'),
	('SUB29', 'STAND & WALL FAN', 'KAT07', 20, NULL, '2020-11-30 20:53:55', '2020-11-30 20:53:55'),
	('SUB30', 'LED (CDL)', 'KAT08', 50, NULL, '2020-11-30 20:55:12', '2020-11-30 20:55:12'),
	('SUB31', 'STARK', 'KAT09', 20, NULL, '2020-12-02 12:54:30', '2020-12-02 12:54:30'),
	('SUB32', 'LEDBRIGHT', 'KAT01', 50, NULL, '2020-12-02 12:56:57', '2020-12-02 12:56:57');
/*!40000 ALTER TABLE `subjenis` ENABLE KEYS */;

-- Dumping structure for table cahayaprima.supplier
CREATE TABLE IF NOT EXISTS `supplier` (
  `id` varchar(20) COLLATE utf8mb4_unicode_ci NOT NULL DEFAULT '',
  `nama` varchar(255) COLLATE utf8mb4_unicode_ci NOT NULL,
  `alamat` text COLLATE utf8mb4_unicode_ci NOT NULL,
  `telepon` varchar(255) COLLATE utf8mb4_unicode_ci NOT NULL,
  `npwp` varchar(255) COLLATE utf8mb4_unicode_ci DEFAULT '-',
  `deleted_at` timestamp NULL DEFAULT NULL,
  `created_at` timestamp NULL DEFAULT NULL,
  `updated_at` timestamp NULL DEFAULT NULL,
  PRIMARY KEY (`id`)
) ENGINE=InnoDB DEFAULT CHARSET=utf8mb4 COLLATE=utf8mb4_unicode_ci;

-- Dumping data for table cahayaprima.supplier: ~6 rows (approximately)
/*!40000 ALTER TABLE `supplier` DISABLE KEYS */;
INSERT INTO `supplier` (`id`, `nama`, `alamat`, `telepon`, `npwp`, `deleted_at`, `created_at`, `updated_at`) VALUES
	('SUP001', 'PD Pudjiastuti Tbk', 'Jl. Pemuda No 256, Jakarta Selatan, DKI Jakarta 15429', '0856-7038-5023', '-', NULL, NULL, '2020-11-24 13:52:14'),
	('SUP002', 'Perum Ardianto', 'Gg. M.T. Haryono No. 294, Mataram 20010, SulTra', '021-893-949', '-', NULL, NULL, '2020-11-24 13:52:27'),
	('SUP003', 'UD Anggriawan Laksmiwati (Persero) Tbk', 'Jln. Gading No. 258, Dumai 73354, KalTim', '0812-3034-992', '840248291', NULL, NULL, '2020-11-24 13:52:40'),
	('SUP004', 'CV Suryatmi (Persero) Tbk', 'Jr. Raya Ujungberung No. 864, Banjarmasin 11698, KalBar', '0682-8524-6932', '-', NULL, NULL, '2020-11-24 13:52:52'),
	('SUP005', 'PT Santoso', 'Psr. Bhayangkara No. 409, Bau-Bau 52921, KalTim', '0682-5487-9572', '-', NULL, NULL, '2020-11-24 13:53:02');
/*!40000 ALTER TABLE `supplier` ENABLE KEYS */;

-- Dumping structure for table cahayaprima.tandaterima
CREATE TABLE IF NOT EXISTS `tandaterima` (
  `id` varchar(255) COLLATE utf8mb4_unicode_ci NOT NULL,
  `id_so` varchar(255) COLLATE utf8mb4_unicode_ci NOT NULL,
  `tanggal` date NOT NULL,
  `id_user` varchar(255) COLLATE utf8mb4_unicode_ci NOT NULL,
  `created_at` timestamp NULL DEFAULT NULL,
  `updated_at` timestamp NULL DEFAULT NULL,
  PRIMARY KEY (`id`,`id_so`)
) ENGINE=InnoDB DEFAULT CHARSET=utf8mb4 COLLATE=utf8mb4_unicode_ci;

-- Dumping data for table cahayaprima.tandaterima: ~7 rows (approximately)
/*!40000 ALTER TABLE `tandaterima` DISABLE KEYS */;
INSERT INTO `tandaterima` (`id`, `id_so`, `tanggal`, `id_user`, `created_at`, `updated_at`) VALUES
	('TTR0001', 'INV0001', '2020-09-20', '1', '2020-12-03 13:52:47', '2020-12-03 13:52:48'),
	('TTR0002', 'INV0002', '2020-09-21', '2', '2020-12-03 13:52:49', '2020-12-03 13:52:49'),
	('TTR0002', 'INV0003', '2020-09-21', '2', '2020-12-03 13:52:51', '2020-12-03 13:52:51'),
	('TTR0003', 'INV0004', '2020-09-22', '2', '2020-12-03 13:52:58', '2020-12-03 13:52:59'),
	('TTR0003', 'INV0005', '2020-09-22', '2', '2020-12-03 13:53:48', '2020-12-03 13:53:49'),
	('TTR0004', 'INV0033', '2020-12-03', '1', '2020-12-03 19:57:55', '2020-12-03 19:57:55');
/*!40000 ALTER TABLE `tandaterima` ENABLE KEYS */;

-- Dumping structure for table cahayaprima.transferbarang
CREATE TABLE IF NOT EXISTS `transferbarang` (
  `id` varchar(11) COLLATE utf8mb4_unicode_ci NOT NULL,
  `tgl_tb` date NOT NULL,
  `id_user` varchar(50) COLLATE utf8mb4_unicode_ci NOT NULL DEFAULT '',
  `created_at` timestamp NULL DEFAULT NULL,
  `updated_at` timestamp NULL DEFAULT NULL,
  PRIMARY KEY (`id`)
) ENGINE=InnoDB DEFAULT CHARSET=utf8mb4 COLLATE=utf8mb4_unicode_ci;

-- Dumping data for table cahayaprima.transferbarang: ~8 rows (approximately)
/*!40000 ALTER TABLE `transferbarang` DISABLE KEYS */;
INSERT INTO `transferbarang` (`id`, `tgl_tb`, `id_user`, `created_at`, `updated_at`) VALUES
	('TB0001', '2020-10-22', '2', '2020-10-22 07:52:37', '2020-10-22 07:52:37'),
	('TB0002', '2020-10-22', '2', '2020-10-22 07:53:18', '2020-10-22 07:53:18'),
	('TB0003', '2020-11-09', '2', '2020-11-09 07:21:06', '2020-11-09 07:21:06'),
	('TB0004', '2020-11-09', '2', '2020-11-09 07:22:27', '2020-11-09 07:22:27'),
	('TB0005', '2020-11-25', '2', '2020-11-25 13:53:39', '2020-11-25 13:53:39'),
	('TB0006', '2020-11-25', '2', '2020-11-25 13:54:58', '2020-11-25 13:54:58'),
	('TB0007', '2020-11-30', '1', '2020-11-30 18:38:56', '2020-11-30 18:38:56'),
	('TB0008', '2020-11-30', '2', '2020-11-30 18:39:32', '2020-11-30 18:39:32');
/*!40000 ALTER TABLE `transferbarang` ENABLE KEYS */;

-- Dumping structure for table cahayaprima.users
CREATE TABLE IF NOT EXISTS `users` (
  `id` int(11) NOT NULL DEFAULT '0',
  `name` varchar(255) COLLATE utf8mb4_unicode_ci NOT NULL,
  `password` varchar(255) COLLATE utf8mb4_unicode_ci NOT NULL,
  `remember_token` varchar(100) COLLATE utf8mb4_unicode_ci DEFAULT NULL,
  `deleted_at` timestamp NULL DEFAULT NULL,
  `created_at` timestamp NULL DEFAULT NULL,
  `updated_at` timestamp NULL DEFAULT NULL,
  `roles` varchar(50) COLLATE utf8mb4_unicode_ci NOT NULL DEFAULT 'ADMIN',
  PRIMARY KEY (`id`)
) ENGINE=InnoDB DEFAULT CHARSET=utf8mb4 COLLATE=utf8mb4_unicode_ci;

-- Dumping data for table cahayaprima.users: ~5 rows (approximately)
/*!40000 ALTER TABLE `users` DISABLE KEYS */;
INSERT INTO `users` (`id`, `name`, `password`, `remember_token`, `deleted_at`, `created_at`, `updated_at`, `roles`) VALUES
	(1, 'Indah', '$2y$10$6kTlsSelotV6XTDWQ3iC6.KiTV8BG9rk5CxJ/OKkDxBz9cRBOe3hu', NULL, NULL, '2020-10-02 08:44:12', '2020-12-01 00:11:27', 'SUPER'),
	(2, 'Rakha', '$2y$10$FJ7uWf.S7AxyQ0pqKVxL1.h0WaAl/wTKDI3ue4VURahoWMohtd2Se', NULL, NULL, '2020-10-02 08:55:26', '2020-11-11 15:50:51', 'ADMIN'),
	(3, 'Adrida', '$2y$10$FcA2NV.SH0f52z5nQAi52uSwe2Q0YN4vs4Nh/2tvut1B/FcFwjCUO', NULL, NULL, '2020-10-19 14:49:45', '2020-10-19 14:49:45', 'AR'),
	(4, 'Hara', '$2y$10$BjBcIE8YML/qHmsQ7OB0YuhTvKw9LqaDYOvRx4RupmchL1OhYKEI.', NULL, NULL, '2020-11-29 19:12:54', '2020-11-29 19:12:54', 'AP'),
	(5, 'Office02', '$2y$10$UV5QgC9a8.uiPTxapPF6k.H.8Mn2H8ntfHgibeB7O8c9IpzbVPTJK', NULL, NULL, '2020-11-29 20:31:03', '2020-11-29 20:31:03', 'OFFICE02'),
	(6, 'Gudang', '$2y$10$.LAR7JA5Ec/oAr5LEzH/8.bFXYugTChWZTHdRHIpid24ibasQ/QLW', NULL, NULL, '2020-12-15 01:40:24', '2020-12-15 01:40:24', 'GUDANG');
/*!40000 ALTER TABLE `users` ENABLE KEYS */;

/*!40101 SET SQL_MODE=IFNULL(@OLD_SQL_MODE, '') */;
/*!40014 SET FOREIGN_KEY_CHECKS=IF(@OLD_FOREIGN_KEY_CHECKS IS NULL, 1, @OLD_FOREIGN_KEY_CHECKS) */;
/*!40101 SET CHARACTER_SET_CLIENT=@OLD_CHARACTER_SET_CLIENT */;
